Security Name,Cusip,Ticker,Bet Size Ind,Active Bet In/Out Indicator,Total Relative Contribution - Actual,Actual Relative Average Weight,MSCI/S&P Sector
FACEBOOK INC A,30303M102,FB,OVWT3.0,INBM+,10.7980097862052,7.43940224319672,INFORMATION TECHNOLOGY
ACTIVISION BLIZZARD INC,00507V109,ATVI,OVWT1.5TO3.0,INBM+,0.575610953890176,0.0077351701380689,INFORMATION TECHNOLOGY
TESLA INC,88160R101,TSLA,OVWT1.0TO1.5,OUTBM,16.945081003074,2.04201162150041,CONSUMER DISCRETIONARY
AMAZON.COM INC,023135106,AMZN,OVWT1.5TO3.0,INBM+,6.83122359621164,3.93932796872464,CONSUMER DISCRETIONARY
ADOBE SYSTEMS INC,00724F101,ADBE,OVWT1.0TO1.5,INBM+,6.69354933524357,0.629823342440629,INFORMATION TECHNOLOGY
CHEVRON CORP,166764100,CVX,UNWT-1.5TO-1.0,NEGBET,4.35036579790183,-1.10091572715286,ENERGY
LAM RESEARCH CORP,512807108,LRCX,OVWT0.5TO1.0,INBM+,4.0814992414287,0.411632292718516,INFORMATION TECHNOLOGY
AMPHENOL CORPORATION CL A,032095101,APH,OVWT1.0TO1.5,INBM+,3.50894512333061,0.272235518940576,INFORMATION TECHNOLOGY
NETFLIX INC,64110L106,NFLX,OVWT0.5TO1.0,INBM+,0.412414541596171,0.0992446712198465,CONSUMER DISCRETIONARY
ADIDAS AG,00699D222,*ADSG,OVWT0.0TO0.5,OUTBM,1.98252073629727,0.0610342126614386,CONSUMER DISCRETIONARY
IVANHOE MINE LTD,46579R,IVN.TO,OVWT0.0TO0.5,OUTBM,1.73298171532358,0.0149361972688529,MATERIALS
SNAP INC,74R99U,SNP.TMP,OVWT0.0TO0.5,OUTBM,0.612321227840576,0.01173732444267,INFORMATION TECHNOLOGY
ALTRIA GROUP INC,02209S103,MO,UNWT-1.0TO-0.5,NEGBET,2.11724531310655,-0.0398453247261382,ONSUMER STAPLES
MERCK & CO INC NEW,58933Y105,MRK,UNWT-1.0TO-0.5,NEGBET,0.649707849949124,-0.190679476954033,HEALTH CARE
APPLIED MATERIALS INC,038222105,AMAT,OVWT0.0TO0.5,INBM+,0.951826493198678,0.0106603432687445,INFORMATION TECHNOLOGY
INTL BUS MACH CORP,459200101,IBM,UNWT-1.0TO-0.5,NEGBET,0.532439460013981,-0.0898767640640474,INFORMATION TECHNOLOGY
BROADCOM LTD,ABD367000,AVGO,OVWT0.5TO1.0,INBM+,1.0883339826623,0.0710124652284889,INFORMATION TECHNOLOGY
PRICELINE GROUP INC,741503403,PCLN,OVWT0.5TO1.0,INBM+,0.635839803018154,0.0443361822737613,CONSUMER DISCRETIONARY
SALESFORCE.COM INC,79466L302,CRM,OVWT1.5TO3.0,INBM+,1.46031497941486,0.771253002341536,INFORMATION TECHNOLOGY
ARISTA NETWORKS INC,040413106,ANET,OVWT0.0TO0.5,OUTBM,0.614081541532842,0.0566539687130663,INFORMATION TECHNOLOGY
CANADIAN NATL RESOURCES LTD,136385101,CNQ.TO,OVWT0.0TO0.5,OUTBM,1.65578755544569,0.0385858602095237,ENERGY
HDFC BANK LTD SPON ADR,40415F101,HDB,OVWT0.0TO0.5,OUTBM,1.54969029839379,0.278580813313597,FINANCIALS
SIMON PPTY GROUP INC - REIT,828806109,SPG,UNWT-0.5TO0.0,NEGBET,0.767009129302309,-0.0499486645677618,REAL ESTATE
VERIZON COMMUNICATIONS INC,92343V104,VZ,UNWT-1.0TO-0.5,NEGBET,0.370159324247563,-0.15372902698855,TELECOMMUNICATION SERVICES
TENCENT HOLDINGS LIMITED,06N996225,*TENCENT,OVWT0.0TO0.5,OUTBM,0.728761955914308,0.0942760801289622,INFORMATION TECHNOLOGY
HALLIBURTON CO,406216101,HAL,UNWT-0.5TO0.0,NEGBET,0.611305209881534,-0.0501591756571732,ENERGY
ALPHABET INC,02079K,GOOGL,OVWT3.0,INBM+,0.0186239136562703,0.012513485859966,INFORMATION TECHNOLOGY
ELECTRONIC ARTS INC,285512109,EA,OVWT0.5TO1.0,INBM+,0.438817049199819,0.12896798079348,INFORMATION TECHNOLOGY
MARRIOTT INTERNATIONAL INC A,571903202,MAR,OVWT0.0TO0.5,INBM+,1.04501073841875,0.0670763561470389,CONSUMER DISCRETIONARY
FORD MOTOR CO,345370860,F,UNWT-0.5TO0.0,NEGBET,1.72031762344589,-0.040750642450698,CONSUMER DISCRETIONARY
PROCTER & GAMBLE CO,742718109,PG,UNWT-1.5TO-1.0,NEGBET,0.275756254234885,-0.0428478989601325,ONSUMER STAPLES
GOLDMAN SACHS GROUP INC,38141G104,GS,UNWT-0.5TO0.0,INBM-,0.300620485320585,-0.0333950251452021,FINANCIALS
DEXCOM INC,252131107,DXCM,OVWT0.0TO0.5,OUTBM,0.679932438957566,0.0365713299479928,HEALTH CARE
SAMSUNG ELECTRONICS CO LTD,796110922,*SAMSNG,OVWT0.0TO0.5,OUTBM,0.911485366116046,0.0793547116028411,INFORMATION TECHNOLOGY
BIOGEN INC,09062X103,BIIB,UNWT-0.5TO0.0,INBM-,0.422677413063629,-0.0533105795511207,HEALTH CARE
EXPRESS SCRIPTS HLDG CO,30219G108,ESRX,UNWT-0.5TO0.0,NEGBET,1.16688698769927,-0.0998059733825952,HEALTH CARE
DELTA AIR INC,247361702,DAL,UNWT-0.5TO0.0,NEGBET,0.544547657580526,-0.0613227883772407,INDUSTRIALS
AMGEN INC,031162100,AMGN,UNWT-0.5TO0.0,INBM-,0.682951141852781,-0.0368566623115545,HEALTH CARE
WALGREENS BOOTS ALLIANCE INC,931427108,WBA,UNWT-0.5TO0.0,NEGBET,0.647390621548555,-0.052036860412878,ONSUMER STAPLES
BB&T CORP,054937107,BBT,UNWT-0.5TO0.0,NEGBET,1.43677274806157,-0.123307158269169,FINANCIALS
VISA INC CL A,92826C839,V,OVWT1.5TO3.0,INBM+,0.634475693969328,0.363524556179735,INFORMATION TECHNOLOGY
EQUIFAX INC,294429105,EFX,OVWT0.0TO0.5,INBM+,1.18574644964444,0.0124246585331907,INDUSTRIALS
PAYPAL HLDGS INC,70450Y103,PYPL,OVWT0.5TO1.0,INBM+,0.245721469193296,0.0976859426188377,INFORMATION TECHNOLOGY
NORFOLK SOUTHERN CORP,655844108,NSC,UNWT-0.5TO0.0,NEGBET,0.481207015303796,-0.0109044965485604,INDUSTRIALS
ESTEE LAUDER COS INC CL A,518439104,EL,OVWT0.5TO1.0,INBM+,1.11523455727164,0.230523771785126,ONSUMER STAPLES
T-MOBILE US INC,872590104,TMUS,OVWT0.0TO0.5,OUTBM,0.649867066248608,0.037807556044508,TELECOMMUNICATION SERVICES
TAIWAN SEMIC MFG CO LTD SP ADR,874039100,TSM,OVWT0.0TO0.5,OUTBM,1.293685243425,0.161067252132106,INFORMATION TECHNOLOGY
MASTERCARD INC CL A,57636Q104,MA,OVWT0.5TO1.0,INBM+,0.643062751305262,0.225881827179101,INFORMATION TECHNOLOGY
SCHLUMBERGER LTD,806857108,SLB,UNWT-0.5TO0.0,INBM-,0.0399141871124328,-0.00939876918270872,ENERGY
STARBUCKS CORP,855244109,SBUX,OVWT0.5TO1.0,INBM+,0.338667031172414,0.046839328075628,CONSUMER DISCRETIONARY
CATERPILLAR INC,149123101,CAT,UNWT-0.5TO0.0,NEGBET,0.81097412547987,-0.153375666458403,INDUSTRIALS
CVS HEALTH CORP,126650100,CVS,UNWT-0.5TO0.0,NEGBET,1.07471009902057,-0.220407940570742,ONSUMER STAPLES
ALEXION PHARMACEUTICALS INC,015351109,ALXN,UNWT-0.5TO0.0,NEGBET,0.749553522533171,-0.0163757954098936,HEALTH CARE
ALLERGAN PLC,62K993228,AGN,UNWT-0.5TO0.0,NEGBET,0.982675433300518,-0.249983814679328,HEALTH CARE
KROGER CO,501044101,KR,UNWT-0.5TO0.0,NEGBET,0.843072976533734,-0.0337288763008621,ONSUMER STAPLES
AMERICAN AIRLINES GROUP INC,02376R102,AAL,UNWT-0.5TO0.0,NEGBET,0.207463129627952,-0.016896728556521,INDUSTRIALS
CHEMOURS CO/ THE,163851108,CC,OVWT0.0TO0.5,OUTBM,0.166959040813782,0.00421676765451511,MATERIALS
CISCO SYSTEMS INC,17275R102,CSCO,UNWT-1.0TO-0.5,NEGBET,0.193252519465743,-0.0645516216844199,INFORMATION TECHNOLOGY
SUNTRUST BANKS INC,867914103,STI,UNWT-0.5TO0.0,NEGBET,0.731383611611657,-0.0735962488984014,FINANCIALS
NVIDIA CORP,67066G104,NVDA,OVWT0.0TO0.5,INBM+,1.00607608355799,0.108792196092666,INFORMATION TECHNOLOGY
TARGET CORP,87612E106,TGT,UNWT-0.5TO0.0,NEGBET,0.513750828373751,-0.0214612168952459,CONSUMER DISCRETIONARY
COACH INC,189754104,COH,OVWT0.0TO0.5,INBM+,0.454615137964744,0.0468317892064803,CONSUMER DISCRETIONARY
BANK OF AMERICA CORPORATION,060505104,BAC,UNWT-0.5TO0.0,INBM-,0.883164528234682,-0.229374935120259,FINANCIALS
ALIBABA GROUP HLD LTD SPON ADR,01609W102,BABA,OVWT0.0TO0.5,OUTBM,0.101039546186493,0.0150812598454395,INFORMATION TECHNOLOGY
KOTAK MAHINDRA BANK LTD,04J99Y224,*KMB,OVWT0.0TO0.5,OUTBM,0.175875724373456,0.00770655498141684,FINANCIALS
AT&T INC,00206R102,T,UNWT-1.5TO-1.0,NEGBET,0.582862173079006,-0.338245758014747,TELECOMMUNICATION SERVICES
UNION PACIFIC CORP,907818108,UNP,UNWT-0.5TO0.0,NEGBET,0.424057142355289,-0.182397621656558,INDUSTRIALS
BOSTON SCIENTIFIC CORP,101137107,BSX,OVWT0.5TO1.0,INBM+,0.649852287823178,0.140953492151752,HEALTH CARE
PRUDENTIAL FINANCIAL INC,744320102,PRU,UNWT-0.5TO0.0,NEGBET,0.708580628400834,-0.135615486306435,FINANCIALS
VORNADO REALTY TRUST,929042109,VNO,UNWT-0.5TO0.0,NEGBET,0.678038094290719,-0.00857296005845114,REAL ESTATE
CHIPOTLE MEXICAN GRILL INC,169656105,CMG,OVWT0.0TO0.5,INBM+,0.622781016374466,0.0465362030911158,CONSUMER DISCRETIONARY
DIAMONDBACK ENERGY INC,25278X109,FANG,OVWT0.0TO0.5,OUTBM,0.486039160930585,0.189096107328535,ENERGY
SYNCHRONY FINANCIAL,87165B103,SYF,UNWT-0.5TO0.0,NEGBET,0.15944247811016,-0.00546455969686183,FINANCIALS
DISNEY (WALT) CO,254687106,DIS,OVWT0.0TO0.5,INBM+,0.300031568006284,0.0537018234667483,CONSUMER DISCRETIONARY
BANK OF IRELAND,46267Q939,*BKIRIR,OVWT0.0TO0.5,OUTBM,0.469402761316691,0.0820930992399871,FINANCIALS
FORTIVE CORP,AGD590000,FTV,OVWT0.0TO0.5,INBM+,0.658893818729692,0.0770910265475263,INDUSTRIALS
FIFTH THIRD BANCORP,316773100,FITB,UNWT-0.5TO0.0,NEGBET,0.533099989749395,-0.00622444678802504,FINANCIALS
AGIOS PHARMACEUTICALS INC,00847X104,AGIO,OVWT0.0TO0.5,OUTBM,0.510610569948855,0.00200891197463743,HEALTH CARE
BOEING CO,097023105,BA,UNWT-0.5TO0.0,INBM-,0.268794174552348,-0.0112970702119197,INDUSTRIALS
CITIZENS FINANCIAL GROUP INC,174610105,CFG,UNWT-0.5TO0.0,INBM-,0.227742522238586,-0.0188787662339304,FINANCIALS
LOGMEIN INC,54142L109,LOGM,OVWT0.0TO0.5,OUTBM,0.371556590015221,0.00754477750291465,INFORMATION TECHNOLOGY
MYLAN NV,74T993224,MYL,UNWT-0.5TO0.0,NEGBET,0.472269377510113,-0.0356281614519873,HEALTH CARE
L BRANDS INC,501797104,LB,UNWT-0.5TO0.0,NEGBET,0.64212183938324,-0.0498665281094198,CONSUMER DISCRETIONARY
THERMO FISHER SCIENTIFIC INC,883556102,TMO,UNWT-0.5TO0.0,INBM-,0.212418857218638,-0.049951969026832,HEALTH CARE
NEXTERA ENERGY,65339F101,NEE,UNWT-0.5TO0.0,NEGBET,0.239849229822645,-0.0783242356062437,UTILITIES
ASML HLDG NV (NY REG SHS) NEW,04599S230,ASML,OVWT0.0TO0.5,OUTBM,0.60335705749542,0.0155025338015377,INFORMATION TECHNOLOGY
SMUCKER (J.M.) CO,832696405,SJM,UNWT-0.5TO0.0,NEGBET,0.304238780312772,-0.0296381179314363,ONSUMER STAPLES
TJX COMPANIES INC NEW,872540109,TJX,OVWT1.0TO1.5,INBM+,0.331156862455024,0.0476911187063297,CONSUMER DISCRETIONARY
ABBOTT LABORATORIES,002824100,ABT,UNWT-0.5TO0.0,NEGBET,0.323141264889335,-0.146741772243406,HEALTH CARE
AMERICAN INTERNATIONAL GROUP,026874784,AIG,UNWT-0.5TO0.0,NEGBET,0.0654043629876233,-0.0109229593155849,FINANCIALS
CAPITAL ONE FINANCIAL CORP,14040H105,COF,UNWT-0.5TO0.0,INBM-,0.39437904127652,-0.0538654776033984,FINANCIALS
PERRIGO CO PLC,65F99L235,PRGO,UNWT-0.5TO0.0,NEGBET,0.408356224370966,-0.0136865192833705,HEALTH CARE
CITRIX SYSTEMS INC,177376100,CTXS,OVWT0.0TO0.5,INBM+,0.437952016135819,0.0655892355230593,INFORMATION TECHNOLOGY
BIRCHCLIFF ENERGY LTD NEW,090697,BIR.TO,OVWT0.0TO0.5,OUTBM,0.00522566949096052,0.000757683566206192,ENERGY
GILEAD SCIENCES INC,375558103,GILD,UNWT-0.5TO0.0,INBM-,0.264195396575336,-0.0616477151761431,HEALTH CARE
LIBERTY MEDIA COR,531229,LSXMA,OVWT0.0TO0.5,OUTBM,0.365897994126828,0.105532287704634,CONSUMER DISCRETIONARY
ADMIRAL GROUP PLC,09M992229,*ADML,OVWT0.0TO0.5,OUTBM,0.0607401646959352,0.00201399165013873,FINANCIALS
OCCIDENTAL PETROLEUM CORP,674599105,OXY,UNWT-0.5TO0.0,NEGBET,0.247494321613905,-0.0157621686480367,ENERGY
PINTEREST INC 8% PC E P/P,62S99A232,PNT+E.PP,OVWT0.0TO0.5,OUTBM,0.23435824553309,0.0341677040499609,INFORMATION TECHNOLOGY
MARUTI SUZUKI INDIA LTD (LOC),12199R221,*MARUTI,OVWT0.0TO0.5,OUTBM,0.467453161573471,0.0781071680216278,CONSUMER DISCRETIONARY
DISCOVER FIN SVCS,254709108,DFS,UNWT-0.5TO0.0,NEGBET,0.009070842306463,-0.00198509370022243,FINANCIALS
KEYCORP,493267108,KEY,UNWT-0.5TO0.0,NEGBET,0.281563705946977,-0.000272209611047556,FINANCIALS
ARCONIC INC,BAJ628000,ARNC,UNWT-0.5TO0.0,NEGBET,0.403842108017748,-0.00625645565612594,INDUSTRIALS
LINCOLN NATIONAL CORP,534187109,LNC,UNWT-0.5TO0.0,NEGBET,0.0851187981069638,-0.0107154686968567,FINANCIALS
RYANAIR HOLDINGS PLC SPON ADR,783513203,RYAAY,OVWT0.0TO0.5,OUTBM,0.451223739518074,0.0435963713258727,INDUSTRIALS
SOUTHERN CO,842587107,SO,UNWT-0.5TO0.0,NEGBET,0.113678536704981,-0.0186215297443678,UTILITIES
NIELSEN HOLDINGS PLC,77Z990226,NLSN,UNWT-0.5TO0.0,NEGBET,0.424939972274712,-0.0255030544750059,INDUSTRIALS
ENVISION HEALTHCARE CORP,BCB343000,EVHC,UNWT-0.5TO0.0,NEGBET,0.115901390401932,-0.00653526035097074,HEALTH CARE
UNITED CONTINENTAL HLDGS INC,910047109,UAL,UNWT-0.5TO0.0,NEGBET,0.199180371283837,-0.0231766925066172,INDUSTRIALS
CARMAX INC,143130102,KMX,UNWT-0.5TO0.0,NEGBET,0.174242866023389,-0.0175583970071496,CONSUMER DISCRETIONARY
PUBLIC STORAGE,74460D109,PSA,UNWT-0.5TO0.0,NEGBET,0.102515518267052,-0.0299816336804709,REAL ESTATE
NASPERS LTD N SHS,63199Q226,*NPNA,OVWT0.0TO0.5,OUTBM,0.462039830869851,0.012641626963378,CONSUMER DISCRETIONARY
GGP INC,370023103,GGP,UNWT-0.5TO0.0,NEGBET,0.131064947628021,-0.0152689445961652,REAL ESTATE
CSX CORP,126408103,CSX,UNWT-0.5TO0.0,INBM-,0.284079930213007,-0.00396627086475151,INDUSTRIALS
PAYCOM SOFTWARE INC,70432V102,PAYC,OVWT0.0TO0.5,OUTBM,0.406449240614924,0.0207039051071356,INFORMATION TECHNOLOGY
MACYS INC,55616P104,M,UNWT-0.5TO0.0,NEGBET,0.481761992470821,-0.0281192017451185,CONSUMER DISCRETIONARY
NITORI HOLDINGS CO LTD,685997934,*NITO,OVWT0.0TO0.5,OUTBM,0.246585154813139,0.00972187610950634,CONSUMER DISCRETIONARY
ACACIA COMMUNICATIONS INC,AEJ845000,ACIA,OVWT0.0TO0.5,OUTBM,0.479854286153889,0.0272826859271234,INFORMATION TECHNOLOGY
OLLIES BARGAIN OUTLET HOLDINGS,681116109,OLLI,OVWT0.0TO0.5,OUTBM,0.0808934592193995,0.0116808617333858,CONSUMER DISCRETIONARY
INTUITIVE SURGICAL INC,46120E602,ISRG,OVWT0.0TO0.5,INBM+,0.12748378699469,0.0187913991278317,HEALTH CARE
KIMCO REALTY CORPORATION,49446R109,KIM,UNWT-0.5TO0.0,NEGBET,0.352708270444052,-0.0104864948897498,REAL ESTATE
NEWELL BRANDS INC,651229106,NWL,UNWT-0.5TO0.0,NEGBET,0.100575726141704,-0.015078209978726,CONSUMER DISCRETIONARY
BOSTON PROPERTIES INC,101121101,BXP,UNWT-0.5TO0.0,NEGBET,0.0308126773948484,-0.00191343042651554,REAL ESTATE
SYMANTEC CORP,871503108,SYMC,OVWT0.0TO0.5,INBM+,0.173349279054029,0.00474034750912779,INFORMATION TECHNOLOGY
NOBLE ENERGY INC,655044105,NBL,UNWT-0.5TO0.0,NEGBET,0.337859697702549,-0.0545432660952449,ENERGY
MOLSON COORS BREWING CO B,60871R209,TAP,UNWT-0.5TO0.0,NEGBET,0.228367963649854,-0.0346605661978906,ONSUMER STAPLES
DOLLAR GENERAL CORP,256677105,DG,UNWT-0.5TO0.0,NEGBET,0.0318192085097833,-0.00612521009280045,CONSUMER DISCRETIONARY
DEVON ENERGY CORP,25179M103,DVN,UNWT-0.5TO0.0,NEGBET,0.300634764451004,-0.0438440072946656,ENERGY
VAIL RESORTS INC,91879Q109,MTN,OVWT0.0TO0.5,OUTBM,0.201333441035096,0.0265220747380832,CONSUMER DISCRETIONARY
REGIONS FINANCIAL CORP,7591EP100,RF,UNWT-0.5TO0.0,NEGBET,0.0229243687710125,-0.00289654856122316,FINANCIALS
WW GRAINGER INC,384802104,GWW,UNWT-0.5TO0.0,NEGBET,0.318599672119762,-0.0295303568875798,INDUSTRIALS
BRISTOL-MYERS SQUIBB CO,110122108,BMY,UNWT-0.5TO0.0,INBM-,0.300020884916289,-0.0181918670117082,HEALTH CARE
MALLINCKRODT PLC,61T99H220,MNK,UNWT-0.5TO0.0,NEGBET,0.339190217343571,-0.00107556866229984,HEALTH CARE
GENERAL MILLS INC,370334104,GIS,UNWT-0.5TO0.0,NEGBET,0.064721836734732,-0.00222416653247631,ONSUMER STAPLES
PAYCHEX INC,704326107,PAYX,UNWT-0.5TO0.0,NEGBET,0.164065993923052,-0.0249054066464409,INFORMATION TECHNOLOGY
INTERNATIONAL PAPER CO,460146103,IP,UNWT-0.5TO0.0,NEGBET,0.324404819874413,-0.0605418398377371,MATERIALS
FIDELITY NATL INFORM SVCS INC,31620M106,FIS,UNWT-0.5TO0.0,NEGBET,0.313546749305151,-0.0328900942155574,INFORMATION TECHNOLOGY
HESS CORP,42809H107,HES,UNWT-0.5TO0.0,NEGBET,0.208463867509099,-0.0134888507670599,ENERGY
AMERICAN EXPRESS CO,025816109,AXP,UNWT-0.5TO0.0,NEGBET,0.387706412889059,-0.173103131399608,FINANCIALS
INTEL CORP,458140100,INTC,UNWT-1.0TO-0.5,NEGBET,0.269327281295867,-0.163094398564407,INFORMATION TECHNOLOGY
MONDELEZ INTERNATIONAL INC,609207105,MDLZ,UNWT-0.5TO0.0,INBM-,0.241951618021672,-0.0366227360294533,ONSUMER STAPLES
JPMORGAN CHASE & CO,46625H100,JPM,UNWT-0.5TO0.0,INBM-,0.156347231289043,-0.0603306419230168,FINANCIALS
TRANSUNION,89400J107,TRU,OVWT0.0TO0.5,OUTBM,0.0301042284105051,0.000847181298809238,INDUSTRIALS
VALERO ENERGY CORP,91913Y100,VLO,UNWT-0.5TO0.0,NEGBET,0.358357293308876,-0.0514436737420866,ENERGY
COHERENT INC,192479103,COHR,OVWT0.0TO0.5,OUTBM,0.125775072218809,0.00261443867507963,INFORMATION TECHNOLOGY
VEEVA SYS INC CL A,922475108,VEEV,OVWT0.0TO0.5,OUTBM,0.297375819192087,0.0150482295570548,HEALTH CARE
MSCI INC,55354G100,MSCI,OVWT0.0TO0.5,OUTBM,0.293256320145152,0.01050387289585,FINANCIALS
CHARTER COMMUNICATIONS INC A,AFE394000,CHTR,OVWT0.0TO0.5,INBM+,0.0974353589083622,0.0698237536831204,CONSUMER DISCRETIONARY
ENCANA CORP,292505104,ECA.TO,OVWT0.0TO0.5,OUTBM,0.0869303939399238,0.00460912111769334,ENERGY
HUNTINGTON BANCSHARES INC,446150104,HBAN,UNWT-0.5TO0.0,NEGBET,0.0259009688557144,-0.00307176626768211,FINANCIALS
FRANCO-NEVADA CORP (CANA),351858105,FNV.TO,OVWT0.0TO0.5,OUTBM,0.269061325125796,0.147151235711653,MATERIALS
LKQ CORP,501889208,LKQ,UNWT-0.5TO0.0,NEGBET,0.102292243050113,-0.00860988985737522,CONSUMER DISCRETIONARY
HCP INC REIT,40414L109,HCP,UNWT-0.5TO0.0,NEGBET,0.312106057540261,-0.0328381648231716,REAL ESTATE
NINTENDO CO LTD,654439991,*NINT,OVWT0.0TO0.5,OUTBM,0.0972095370415638,0.00137699736042138,INFORMATION TECHNOLOGY
MOSAIC CO NEW,61945C103,MOS,UNWT-0.5TO0.0,NEGBET,0.16766952110065,-0.0189701899869918,MATERIALS
EXELON CORP,30161N101,EXC,UNWT-0.5TO0.0,NEGBET,0.0865602916131964,-0.0198852645842363,UTILITIES
ALASKA AIR GROUP INC,011659109,ALK,UNWT-0.5TO0.0,NEGBET,0.272618057041468,-0.0268906736350399,INDUSTRIALS
METTLER-TOLEDO INTL INC,592688105,MTD,OVWT0.5TO1.0,INBM+,0.0471934202291679,0.0127511892452555,HEALTH CARE
INTUIT INC,461202103,INTU,UNWT-0.5TO0.0,INBM-,0.138640128090894,-0.0153683065085506,INFORMATION TECHNOLOGY
NEWMONT MINING CORP,651639106,NEM,UNWT-0.5TO0.0,NEGBET,0.179213915939308,-0.0210607412587573,MATERIALS
CIGNA CORP,125509109,CI,UNWT-0.5TO0.0,NEGBET,0.0816975524693864,-0.0362831511911033,HEALTH CARE
TRANSDIGM GROUP INC,893641100,TDG,UNWT-0.5TO0.0,INBM-,0.0774968644695172,-0.00218323969101433,INDUSTRIALS
INVESCO LTD,17P997228,IVZ,UNWT-0.5TO0.0,NEGBET,0.31124094278719,-0.052517656429971,FINANCIALS
PUBLIC SVC ENTERPRISE GRP INC,744573106,PEG,UNWT-0.5TO0.0,NEGBET,0.271961697844461,-0.0313335375186041,UTILITIES
PENUMBRA INC,70975L107,PEN,OVWT0.0TO0.5,OUTBM,0.26281434603707,0.02170072620835,HEALTH CARE
PRICE (T ROWE)GROUP INC,74144T108,TROW,UNWT-0.5TO0.0,NEGBET,0.162749319841756,-0.000366789542698953,FINANCIALS
ADVANCE AUTO PARTS INC,00751Y106,AAP,UNWT-0.5TO0.0,NEGBET,0.143328987843901,-0.0120109491529023,CONSUMER DISCRETIONARY
CORNING INC,219350105,GLW,UNWT-0.5TO0.0,NEGBET,0.142505929644668,-0.0448531268296614,INFORMATION TECHNOLOGY
IHS MARKIT LTD,68G993220,INFO,OVWT0.0TO0.5,OUTBM,0.039055966699583,0.00464189495117429,INDUSTRIALS
ZIONS BANCORP,989701107,ZION,UNWT-0.5TO0.0,NEGBET,0.0957668031957782,-0.00801351323869958,FINANCIALS
SNAP INC SER F PC PP,74R99U234,SNAP+FPP,OVWT0.0TO0.5,OUTBM,0.256255843470882,0.00127881739178947,INFORMATION TECHNOLOGY
SHOPIFY INC CL A,82509L107,SHOP.TO,OVWT0.0TO0.5,OUTBM,0.209550338661426,0.00637621167520361,INFORMATION TECHNOLOGY
ULTIMATE SOFTWARE GROUP INC,90385D107,ULTI,OVWT0.0TO0.5,OUTBM,0.100336150849386,0.0678304192801576,INFORMATION TECHNOLOGY
LAUREATE EDUCATION INC CL A,BDE815000,LAUR,OVWT0.0TO0.5,OUTBM,0.162758449379592,0.00645521353115539,CONSUMER DISCRETIONARY
ARCHER DANIELS MIDLAND CO,039483102,ADM,UNWT-0.5TO0.0,NEGBET,0.0162256157725867,-0.00422285311476899,ONSUMER STAPLES
SL GREEN REALTY CORP REIT,78440X101,SLG,UNWT-0.5TO0.0,NEGBET,0.242876796432818,-0.0414282603403399,REAL ESTATE
SEALED AIR CORP,81211K100,SEE,UNWT-0.5TO0.0,NEGBET,0.170924938514804,-0.00700205978440651,MATERIALS
TRANSOCEAN LTD (USA),66599T229,RIG,UNWT-0.5TO0.0,NEGBET,0.0876988591113418,-0.00437994080106251,ENERGY
YUM BRANDS INC,988498101,YUM,UNWT-0.5TO0.0,NEGBET,0.013916690299606,-0.00168352209170939,CONSUMER DISCRETIONARY
AMERISOURCEBERGEN CORP,03073E105,ABC,UNWT-0.5TO0.0,NEGBET,0.0871210530135578,-0.00443589254953766,HEALTH CARE
AKAMAI TECHNOLOGIES INC,00971T101,AKAM,UNWT-0.5TO0.0,NEGBET,0.239991865799399,-0.0160451287678591,INFORMATION TECHNOLOGY
EXTRA SPACE STORAGE INC,30225T102,EXR,UNWT-0.5TO0.0,NEGBET,0.0959797742038744,-0.0151076700405499,REAL ESTATE
HUMANA INC,444859102,HUM,UNWT-0.5TO0.0,INBM-,0.0776892874237336,-0.0277021279864188,HEALTH CARE
SEAGATE TECHNOLOGY,33199G221,STX,UNWT-0.5TO0.0,NEGBET,0.184060850052018,-0.00879450947811146,INFORMATION TECHNOLOGY
TESORO CORP,881609101,TSO,UNWT-0.5TO0.0,NEGBET,0.205387871326349,-0.0191901878349405,ENERGY
SCANA CORP,80589M102,SCG,UNWT-0.5TO0.0,NEGBET,0.161701511052518,-0.0298530990096029,UTILITIES
CF INDUSTRIES HOLDINGS INC,125269100,CF,UNWT-0.5TO0.0,NEGBET,0.152554927180271,-0.00790951109166332,MATERIALS
WHIRLPOOL CORP,963320106,WHR,UNWT-0.5TO0.0,NEGBET,0.0978152254694045,-0.00571755963611256,CONSUMER DISCRETIONARY
AETNA INC,00817Y108,AET,UNWT-0.5TO0.0,NEGBET,0.215324299809453,-0.0284920408561911,HEALTH CARE
KWEICHOW MOUTAI CO LTD A,00T993237,*KWMCLA,OVWT0.0TO0.5,OUTBM,0.0427961820729148,4.81389362119449e-05,ONSUMER STAPLES
APACHE CORP,037411105,APA,UNWT-0.5TO0.0,NEGBET,0.200624883334157,-0.028803503669065,ENERGY
TIME WARNER INC,887317303,TWX,UNWT-0.5TO0.0,NEGBET,0.190453216731913,-0.173064581973536,CONSUMER DISCRETIONARY
WEIGHT WATCHERS INTL INC,948626106,WTW,OVWT0.0TO0.5,OUTBM,0.142101208778573,0.0213970109513943,CONSUMER DISCRETIONARY
UNUM GROUP,91529Y106,UNM,UNWT-0.5TO0.0,NEGBET,0.0232933885356542,-0.00196527086363023,FINANCIALS
FEDERAL REALTY INVESTMENT TR,313747206,FRT,UNWT-0.5TO0.0,NEGBET,0.130778333367305,-0.0143851757185795,REAL ESTATE
COMERICA INC,200340107,CMA,UNWT-0.5TO0.0,NEGBET,0.102169345670295,-0.0161060625645307,FINANCIALS
BROWN FORMAN CORP NON VTG CL B,115637209,BF.B,UNWT-0.5TO0.0,NEGBET,0.159414249870083,-0.0185765678860279,ONSUMER STAPLES
FRONTIER COMMUNICATIONS CORP,35906A108,FTR,UNWT-0.5TO0.0,NEGBET,0.0699093631143988,-0.00108570261756359,TELECOMMUNICATION SERVICES
MCKESSON CORP,58155Q103,MCK,UNWT-0.5TO0.0,NEGBET,0.151382564816786,-0.0321117906604965,HEALTH CARE
CAMPBELL SOUP CO,134429109,CPB,UNWT-0.5TO0.0,NEGBET,0.157201493546869,-0.0278463279843722,ONSUMER STAPLES
DUKE ENERGY CORP,26441C204,DUK,UNWT-0.5TO0.0,NEGBET,0.132394946810314,-0.0194179926105405,UTILITIES
AUTOZONE INC,053332102,AZO,UNWT-0.5TO0.0,NEGBET,0.196975155253167,-0.00703768318321826,CONSUMER DISCRETIONARY
REALTY INCOME CORP REIT,756109104,O,UNWT-0.5TO0.0,NEGBET,0.114757501058251,-0.0146397600312721,REAL ESTATE
KOHLS CORP,500255104,KSS,UNWT-0.5TO0.0,NEGBET,0.0821140891141397,-0.012461015221597,CONSUMER DISCRETIONARY
MOHAWK INDUSTRIES INC,608190104,MHK,OVWT0.0TO0.5,INBM+,0.0761099572803344,0.0144301081871938,CONSUMER DISCRETIONARY
GENUINE PARTS CO,372460105,GPC,UNWT-0.5TO0.0,NEGBET,0.0226143904952759,-0.00621516556404026,CONSUMER DISCRETIONARY
GENERAL ELECTRIC CO,369604103,GE,UNWT-1.5TO-1.0,NEGBET,0.0927354188439123,-0.0449687796906081,INDUSTRIALS
FLUOR CORP,343412102,FLR,UNWT-0.5TO0.0,NEGBET,0.0577461221264201,-0.00425161550077782,INDUSTRIALS
KELLOGG CO,487836108,K,UNWT-0.5TO0.0,NEGBET,0.0320998509684541,-0.0076926575569664,ONSUMER STAPLES
REALPAGE INC,75606N109,RP,OVWT0.0TO0.5,OUTBM,0.138612761698027,0.0272512843913548,INFORMATION TECHNOLOGY
CONAGRA BRANDS INC,205887102,CAG,UNWT-0.5TO0.0,NEGBET,0.121464136185912,-0.0202091710966007,ONSUMER STAPLES
MACERICH COMPANY,554382101,MAC,UNWT-0.5TO0.0,NEGBET,0.0810025748739948,-0.0144876312097237,REAL ESTATE
FIRST SOLAR INC,336433107,FSLR,UNWT-0.5TO0.0,NEGBET,0.014540208985419,-0.00029046593082682,INFORMATION TECHNOLOGY
ARAMARK,03852U106,ARMK,OVWT0.0TO0.5,OUTBM,0.106649232986916,0.0117725112567896,CONSUMER DISCRETIONARY
UNITED TECHNOLOGIES CORP,913017109,UTX,UNWT-0.5TO0.0,NEGBET,0.040324979350786,-0.0472352102987422,INDUSTRIALS
CIMAREX ENERGY CO,171798101,XEC,UNWT-0.5TO0.0,INBM-,0.130060011198972,-0.0260031444279345,ENERGY
APARTMENT INV & MGMT CO A REIT,03748R101,AIV,UNWT-0.5TO0.0,NEGBET,0.0315251492170622,-0.00112132840399049,REAL ESTATE
COLGATE-PALMOLIVE CO,194162103,CL,OVWT0.5TO1.0,INBM+,0.116458073742018,0.0384987838000976,ONSUMER STAPLES
UNDER ARMOUR INC,904311,UAA,UNWT-0.5TO0.0,INBM-,0.142465813116965,-0.00445673116774608,CONSUMER DISCRETIONARY
CME GROUP INC CL A,12572Q105,CME,UNWT-0.5TO0.0,INBM-,0.00446539243424608,-0.000573086844639908,FINANCIALS
FORTUNE BRANDS HOME & SEC INC,34964C106,FBHS,OVWT0.0TO0.5,INBM+,0.0367969244430257,0.00593070958457078,INDUSTRIALS
PNC FINANCIAL SERVICES GRP INC,693475105,PNC,UNWT-0.5TO0.0,INBM-,0.0526906845632899,-0.00793095866849844,FINANCIALS
TRAVELERS COMPANIES INC,89417E109,TRV,UNWT-0.5TO0.0,NEGBET,0.146830276796604,-0.0444192309174644,FINANCIALS
3M CO,88579Y101,MMM,OVWT0.0TO0.5,INBM+,0.0347742750681777,0.00802944837924445,INDUSTRIALS
PEOPLES UNITED FINANCIAL INC,712704105,PBCT,UNWT-0.5TO0.0,NEGBET,0.149931804629339,-0.0259333067027732,FINANCIALS
WORKDAY INC CL A,98138H101,WDAY,OVWT0.5TO1.0,OUTBM,0.0355452897865709,0.0272814431569317,INFORMATION TECHNOLOGY
COTY INC CL A,222070203,COTY,UNWT-0.5TO0.0,NEGBET,0.127381373209449,-0.00169274411570706,ONSUMER STAPLES
EBAY INC,278642103,EBAY,UNWT-0.5TO0.0,INBM-,0.155606224423902,-0.110828505124086,INFORMATION TECHNOLOGY
WHOLE FOODS MARKET INC,966837106,WFM,UNWT-0.5TO0.0,NEGBET,0.0891156743819431,-0.00220496425463564,ONSUMER STAPLES
AMERIPRISE FINANCIAL INC,03076C106,AMP,UNWT-0.5TO0.0,NEGBET,0.0214087827681575,-0.00574154191326757,FINANCIALS
MASCO CORPORATION,574599106,MAS,OVWT0.0TO0.5,INBM+,0.106670882782888,0.035782411420182,INDUSTRIALS
ROPER TECHNOLOGIES INC,776696106,ROP,UNWT-0.5TO0.0,NEGBET,0.0350443643999921,-0.0217321150767268,INDUSTRIALS
BANK CENTRAL ASIA,07899J222,*BCA,OVWT0.0TO0.5,OUTBM,0.122663703077711,0.0126548673168198,FINANCIALS
VERISK ANALYTICS INC,92345Y106,VRSK,UNWT-0.5TO0.0,NEGBET,0.00358834386039256,-0.00120576646008527,INDUSTRIALS
START TODAY CO LTD,17G99A221,*STTO,OVWT0.0TO0.5,OUTBM,0.0340850921287787,0.00350074588239472,CONSUMER DISCRETIONARY
MONSANTO CO,61166W101,MON,UNWT-0.5TO0.0,INBM-,0.0140109920221474,-0.0115073373402814,MATERIALS
KANSAS CITY SOUTHERN,485170302,KSU,UNWT-0.5TO0.0,NEGBET,0.0030906254062698,-0.000301293542995105,INDUSTRIALS
ALLSTATE CORPORATION,020002101,ALL,UNWT-0.5TO0.0,NEGBET,0.0354365027315914,-0.0300666669649589,FINANCIALS
CLOROX CO,189054109,CLX,UNWT-0.5TO0.0,NEGBET,0.125643598096226,-0.0348036609337681,ONSUMER STAPLES
L'OREAL SA (PRIME FID 2013),502117948,*OREAL.E,OVWT0.0TO0.5,OUTBM,0.0684368120242531,0.0163843364368153,ONSUMER STAPLES
MULESOFT INC CL A,74R99L226,MULE,OVWT0.0TO0.5,OUTBM,0.0567860805751699,0.000209348146865232,INFORMATION TECHNOLOGY
ASOS PLC,06N997223,*ASOS,OVWT0.0TO0.5,OUTBM,0.0885884915423917,0.000211254883456418,CONSUMER DISCRETIONARY
TYSON FOODS INC CL A,902494103,TSN,UNWT-0.5TO0.0,NEGBET,0.060808630486068,-0.0175865704758395,ONSUMER STAPLES
TRACTOR SUPPLY CO.,892356106,TSCO,UNWT-0.5TO0.0,NEGBET,0.0592576453341892,-0.0189094092425428,CONSUMER DISCRETIONARY
UNITED RENTALS INC,911363109,URI,UNWT-0.5TO0.0,NEGBET,0.0551163411259697,-0.0131730067991149,INDUSTRIALS
CBRE GROUP INC - CL A,12504L109,CBG,UNWT-0.5TO0.0,NEGBET,0.0720059634442567,-0.0253131567037536,REAL ESTATE
FIRSTENERGY CORP,337932107,FE,UNWT-0.5TO0.0,NEGBET,0.068451393283091,-0.00199473281186807,UTILITIES
FRANKLIN RESOURCES INC,354613101,BEN,UNWT-0.5TO0.0,NEGBET,0.0345751041498748,-0.00434749323995638,FINANCIALS
ROYAL CARIBBEAN CRUISES LTD,780153920,RCL,OVWT0.0TO0.5,INBM+,0.105862765594447,0.0177767943305958,CONSUMER DISCRETIONARY
IPG PHOTONICS CORP,44980X109,IPGP,OVWT0.0TO0.5,OUTBM,0.117695305538648,0.0216428570062182,INFORMATION TECHNOLOGY
JELD-WEN HOLDING INC,BDD733000,JELD,OVWT0.0TO0.5,OUTBM,0.0535918014302906,0.00113204575999784,INDUSTRIALS
CINTAS CORP,172908105,CTAS,OVWT0.0TO0.5,INBM+,0.0789673392079907,0.0103784895009952,INDUSTRIALS
L3 TECHNOLOGIES INC,BCI616000,LLL,UNWT-0.5TO0.0,NEGBET,0.0449809190848464,-0.0185584126452155,INDUSTRIALS
PPG INDUSTRIES INC,693506107,PPG,OVWT0.0TO0.5,INBM+,0.113949740741642,0.0480546351977081,MATERIALS
COPART INC,217204106,CPRT,OVWT0.0TO0.5,OUTBM,0.109117357807683,0.0207460833113404,INDUSTRIALS
OAKTREE CAP GROUP LLC - CL A,674001201,OAK,OVWT0.0TO0.5,OUTBM,0.0273846949353756,0.0106331487220842,FINANCIALS
XILINX INC,983919101,XLNX,UNWT-0.5TO0.0,NEGBET,0.101791871547516,-0.0445804624242094,INFORMATION TECHNOLOGY
DENTSPLY SIRONA INC,249030107,XRAY,UNWT-0.5TO0.0,NEGBET,0.11657389791897,-0.0580958029710293,HEALTH CARE
HARTFORD FINL SVCS GROUP INC,416515104,HIG,UNWT-0.5TO0.0,NEGBET,0.0441693403837823,-0.00884256210055246,FINANCIALS
MARTIN MARIETTA MATERIALS INC,573284106,MLM,OVWT0.0TO0.5,INBM+,0.0684656172808706,0.0190001912209371,MATERIALS
AUTONATION INC,05329W102,AN,UNWT-0.5TO0.0,NEGBET,0.10201229197353,-0.000841238131319543,CONSUMER DISCRETIONARY
DAVITA INC,23918K108,DVA,UNWT-0.5TO0.0,NEGBET,0.0805856271123565,-0.0243909857628916,HEALTH CARE
SCRIPPS NETWORK INTER CL A,811065101,SNI,UNWT-0.5TO0.0,NEGBET,0.0922791912829757,-0.00028009748248009,CONSUMER DISCRETIONARY
AES CORP,00130H105,AES,UNWT-0.5TO0.0,NEGBET,0.0076007767948039,-0.000424569502793259,UTILITIES
CIRRUS LOGIC INC,172755100,CRUS,OVWT0.0TO0.5,OUTBM,0.0590267551303,0.000428271111348992,INFORMATION TECHNOLOGY
SHERWIN WILLIAMS CO,824348106,SHW,OVWT0.0TO0.5,INBM+,0.0522091561991626,0.115813841375133,MATERIALS
URBAN OUTFITTERS,917047102,URBN,UNWT-0.5TO0.0,NEGBET,0.039272830016745,-0.00123819006015536,CONSUMER DISCRETIONARY
RECRUIT HOLDINGS CO LTD,72M99W221,*RHCL,OVWT0.0TO0.5,OUTBM,0.0456656527109253,0.00232057107279233,INDUSTRIALS
ACCENTURE PLC CL A,35A993225,ACN,UNWT-0.5TO0.0,INBM-,0.0386266507564157,-0.00738641588843549,INFORMATION TECHNOLOGY
AFFILIATED MANAGERS GRP INC,008252108,AMG,UNWT-0.5TO0.0,NEGBET,0.0512438267479644,-0.00272321750753472,FINANCIALS
BAKER HUGHES INC,057224107,BHI,UNWT-0.5TO0.0,NEGBET,0.0695513821989655,-0.0115335040311403,ENERGY
SIRIUS XM HLDGS INC,82968B103,SIRI,OVWT0.0TO0.5,OUTBM,0.027678666193208,0.00054432544836445,CONSUMER DISCRETIONARY
NUCOR CORP,670346105,NUE,UNWT-0.5TO0.0,INBM-,0.024873091378256,-0.0017676187668904,MATERIALS
LOGITECH INT SA(USA),54199J239,LOGI,OVWT0.0TO0.5,OUTBM,0.00624096060874877,0.000494855710960677,INFORMATION TECHNOLOGY
HELMERICH & PAYNE INC,423452101,HP,UNWT-0.5TO0.0,NEGBET,0.077508172809318,-0.0208296586235883,ENERGY
CHECK POINT SOFTWARE TECHS LTD,16299A228,CHKP,OVWT0.0TO0.5,OUTBM,0.0589743657420533,0.0106519211459091,INFORMATION TECHNOLOGY
QUALCOMM INC,747525103,QCOM,OVWT0.0TO0.5,INBM+,0.0368583117520004,0.0175138925586188,INFORMATION TECHNOLOGY
EMERSON ELECTRIC CO,291011104,EMR,UNWT-0.5TO0.0,NEGBET,0.0934470618519347,-0.118655252295286,INDUSTRIALS
ENDO INTERNATIONAL PLC,66W99D224,ENDP,UNWT-0.5TO0.0,NEGBET,0.0432517884521104,-0.000175737456886825,HEALTH CARE
RAYTHEON CO,755111507,RTN,UNWT-0.5TO0.0,INBM-,0.0314441690449943,-0.0178520648493226,INDUSTRIALS
ASSURANT INC,04621X108,AIZ,UNWT-0.5TO0.0,NEGBET,0.010150100473691,-0.0020627612364588,FINANCIALS
LEUCADIA NATIONAL CORP,527288104,LUK,UNWT-0.5TO0.0,NEGBET,0.0282031907375897,-0.00133346428305488,FINANCIALS
ATLASSIAN CORP PLC CLS A,80S99Y224,TEAM,OVWT0.0TO0.5,OUTBM,0.0541688654763481,0.00151153327512885,INFORMATION TECHNOLOGY
CA INC,12673P105,CA,UNWT-0.5TO0.0,NEGBET,0.0681331933634277,-0.0327974900937505,INFORMATION TECHNOLOGY
MARATHON OIL CORP,565849106,MRO,UNWT-0.5TO0.0,NEGBET,0.0108774369054153,-0.0062756480168916,ENERGY
WIX.COM LTD,62T99L229,WIX,OVWT0.0TO0.5,OUTBM,0.0772157763641874,0.00275600151662561,INFORMATION TECHNOLOGY
HORMEL FOODS CORP,440452100,HRL,UNWT-0.5TO0.0,NEGBET,0.0709171561485323,-0.0106175433256583,ONSUMER STAPLES
PARKER HANNIFIN CORP,701094104,PH,OVWT0.0TO0.5,INBM+,0.0793061667778868,0.0200026994556684,INDUSTRIALS
SMITH (AO) CORP,831865209,AOS,OVWT0.0TO0.5,OUTBM,0.0461029014871216,0.0261675197825821,INDUSTRIALS
REGENCY CENTERS CORP REIT,758849103,REG,UNWT-0.5TO0.0,NEGBET,0.000137795531203416,-7.21071661039678e-05,REAL ESTATE
LIBERTY BROADBAND CORP,530307,LBRDA,OVWT0.0TO0.5,OUTBM,0.0435068775213769,0.00927588141540204,CONSUMER DISCRETIONARY
NASDAQ INC,631103108,NDAQ,UNWT-0.5TO0.0,NEGBET,0.0318358863979332,-0.00260373948236514,FINANCIALS
ARISTOCRAT LEISURE LTD,04099F225,*ALL,OVWT0.0TO0.5,OUTBM,0.0274244748723777,0.001410775425251,CONSUMER DISCRETIONARY
TOTAL SYS SVCS INC,891906109,TSS,UNWT-0.5TO0.0,NEGBET,0.0168826322723648,-0.00387231308678267,INFORMATION TECHNOLOGY
INDITEX SA,53199U228,*INTX,OVWT0.0TO0.5,OUTBM,0.0258359550957927,0.000946221308867885,CONSUMER DISCRETIONARY
REGENERON PHARMACEUTICALS INC,75886F107,REGN,OVWT0.0TO0.5,INBM+,0.0582637150761285,0.0210803381992506,HEALTH CARE
NAVIENT CORP,63938C108,NAVI,UNWT-0.5TO0.0,NEGBET,0.0303033717185673,-0.0059419540795504,FINANCIALS
FAIRFAX FINL HLDGS LTD SUB VTG,303901102,FFH.TO,OVWT0.0TO0.5,OUTBM,0.0737893118685307,0.00225047396547238,FINANCIALS
DOLLARAMA INC,25675T107,DOL.TO,OVWT0.0TO0.5,OUTBM,0.0741555984034467,0.00782983893081737,CONSUMER DISCRETIONARY
EQUITY RESIDENTIAL REIT,29476L107,EQR,UNWT-0.5TO0.0,NEGBET,0.0299603721274671,-0.000340090205613576,REAL ESTATE
CH ROBINSON WORLDWIDE INC,12541W209,CHRW,UNWT-0.5TO0.0,INBM-,0.026510073977008,-0.00686245935796339,INDUSTRIALS
CBOE HOLDINGS INC,12503M108,CBOE,OVWT0.0TO0.5,INBM+,0.0450187143033347,0.006285185760259,FINANCIALS
JACOBS ENGINEERING GROUP INC,469814107,JEC,UNWT-0.5TO0.0,NEGBET,0.0707133545587263,-0.00456138647505453,INDUSTRIALS
GENERAL DYNAMICS CORPORATION,369550108,GD,UNWT-0.5TO0.0,INBM-,0.0145299668751047,-0.00831103661167617,INDUSTRIALS
CANADA GOOSE HOLDINGS INC,BFA835000,GOOS.TO,OVWT0.0TO0.5,OUTBM,0.0488228793173877,0.000143804726277724,CONSUMER DISCRETIONARY
ENTERGY CORP,29364G103,ETR,UNWT-0.5TO0.0,NEGBET,0.00897639424815893,-0.00813019878260651,UTILITIES
CSL LIMITED,186993226,*CSL,OVWT0.0TO0.5,OUTBM,0.0642603581583051,0.00660030679067686,HEALTH CARE
HILTON INC,43300A104,HLT,OVWT0.0TO0.5,OUTBM,0.0324287296674221,0.00233992705845132,CONSUMER DISCRETIONARY
BED BATH & BEYOND INC,075896100,BBBY,UNWT-0.5TO0.0,NEGBET,0.0406908509936552,-0.000218089991841314,CONSUMER DISCRETIONARY
SERVICENOW INC,81762P102,NOW,OVWT0.0TO0.5,OUTBM,0.0339630159351357,0.00923644854922191,INFORMATION TECHNOLOGY
ANADARKO PETROLEUM CORP,032511107,APC,UNWT-0.5TO0.0,INBM-,0.0199289562393519,-0.0009483516769789,ENERGY
MID AMERICA APT CMNTY INC,59522J103,MAA,UNWT-0.5TO0.0,NEGBET,0.0239750564698836,-0.0134435981795939,REAL ESTATE
MAHINDRA & MAHINDRA LTD(DEMAT),559999263,*MMLD,OVWT0.0TO0.5,OUTBM,0.00559754964243281,0.00444627887539763,CONSUMER DISCRETIONARY
DIGITAL REALTY TRUST INC,253868103,DLR,UNWT-0.5TO0.0,NEGBET,0.0457565454493243,-0.0175019833902375,REAL ESTATE
XL GROUP LTD,AHG601000,XL,UNWT-0.5TO0.0,NEGBET,0.0153586818354693,-0.0085336319250524,FINANCIALS
GAP INC,364760108,GPS,UNWT-0.5TO0.0,NEGBET,0.0364851282224621,-0.00900910472084287,CONSUMER DISCRETIONARY
RAYMOND JAMES FINANCIAL INC.,754730109,RJF,UNWT-0.5TO0.0,NEGBET,0.0295715974298293,-0.00830058379084584,FINANCIALS
NATIONAL OILWELL VARCO INC,637071101,NOV,UNWT-0.5TO0.0,NEGBET,0.0162255283412405,-0.0153592641632865,ENERGY
CHURCHILL DOWNS INC,171484108,CHDN,OVWT0.0TO0.5,OUTBM,0.0320623437392533,0.00423972421856399,CONSUMER DISCRETIONARY
CAPITEC BANK HOLDINGS LIMITED,04H99Q223,*CPIJ,OVWT0.0TO0.5,OUTBM,0.0317171449197667,7.39463029667897e-05,FINANCIALS
UNIVERSAL HEALTH SVCS INC CL B,913903100,UHS,UNWT-0.5TO0.0,NEGBET,0.0346370699481119,-0.0198131772731609,HEALTH CARE
FOOT LOCKER INC,344849104,FL,UNWT-0.5TO0.0,INBM-,0.0129201222370452,-0.00759847320120692,CONSUMER DISCRETIONARY
NORTHERN TRUST CORP,665859104,NTRS,UNWT-0.5TO0.0,NEGBET,0.0269604819724231,-0.0265529044272582,FINANCIALS
MCCORMICK & CO INC NON-VTG,579780206,MKC,UNWT-0.5TO0.0,NEGBET,0.00491875744340024,-0.00165214713112368,ONSUMER STAPLES
ESSEX PROPERTY TRUST INC,297178105,ESS,UNWT-0.5TO0.0,NEGBET,0.0229468985047538,-0.0199233329711383,REAL ESTATE
MSC INDUSTRIAL DIRECT CO CL A,553530106,MSM,OVWT0.0TO0.5,OUTBM,0.016948268262093,0.00640504356208912,INDUSTRIALS
CENTURYLINK INC,156700106,CTL,UNWT-0.5TO0.0,NEGBET,0.00794792830430559,-0.00240791833189323,TELECOMMUNICATION SERVICES
MEDIDATA SOLUTIONS INC,58471A105,MDSO,OVWT0.0TO0.5,OUTBM,0.00805751268729534,0.00138361514772974,HEALTH CARE
RELX PLC,759530926,*REDLS,OVWT0.0TO0.5,OUTBM,0.00254218834826722,0.000131180031238637,INDUSTRIALS
BORGWARNER INC,099724106,BWA,UNWT-0.5TO0.0,NEGBET,0.0273357209407165,-0.0230874438743285,CONSUMER DISCRETIONARY
PINTEREST INC 8% PC G P/P,62S99A257,PNT+GPP,OVWT0.0TO0.5,OUTBM,0.0260874030902241,0.0133498720996755,INFORMATION TECHNOLOGY
OVASCIENCE INC,69014Q101,OVAS,OVWT0.0TO0.5,OUTBM,0.00331711752737738,6.40655818850349e-05,HEALTH CARE
HARMAN INTL IND INC NEW,413086109,HAR,UNWT-0.5TO0.0,NEGBET,0.0364817566535259,-0.0141212091482118,CONSUMER DISCRETIONARY
S&P GLOBAL INC,580645109,SPGI,OVWT0.0TO0.5,INBM+,0.029122522358316,0.0281765617820129,FINANCIALS
VISTEON CORP,92839U206,VC,OVWT0.0TO0.5,OUTBM,0.0101413294533472,0.00154553576157314,CONSUMER DISCRETIONARY
JUNIPER NETWORKS INC,48203R104,JNPR,UNWT-0.5TO0.0,NEGBET,0.0302052563832093,-0.0243421558397752,INFORMATION TECHNOLOGY
ROSS STORES INC,778296103,ROST,UNWT-0.5TO0.0,INBM-,0.0182276507976317,-0.000281459022813351,CONSUMER DISCRETIONARY
PERFORMANCE FOOD GROUP CO,71377A103,PFGC,OVWT0.0TO0.5,OUTBM,0.0329736059754682,0.0432666530384257,ONSUMER STAPLES
UDR INC,902653104,UDR,UNWT-0.5TO0.0,NEGBET,0.0129158843802246,-0.00910867862057152,REAL ESTATE
LOEWS CORP,540424108,L,UNWT-0.5TO0.0,NEGBET,0.0168937627506334,-0.0265824272160405,FINANCIALS
NATIONAL BEVERAGE CORPORATION,635017106,FIZZ,OVWT0.0TO0.5,OUTBM,0.00560347292536566,0.000114573057182679,ONSUMER STAPLES
HUNT J B TRANSPORT SERVICES IN,445658107,JBHT,UNWT-0.5TO0.0,INBM-,0.0180135278235825,-0.000641627655555742,INDUSTRIALS
PINTEREST INC 8% PC F P/P,62S99A240,PNT+F.PP,OVWT0.0TO0.5,OUTBM,0.0234317304011486,0.00867282411213791,INFORMATION TECHNOLOGY
STAPLES INC,855030102,SPLS,UNWT-0.5TO0.0,NEGBET,0.00422056166292941,-0.00244936826064713,CONSUMER DISCRETIONARY
RIGHTMOVE PLC,18K99B222,*RGHTG,OVWT0.0TO0.5,OUTBM,0.00509111029327214,0.000438613123693388,INFORMATION TECHNOLOGY
EUROFINS SCIENTIFIC SE,30599A226,*ESFC,OVWT0.0TO0.5,OUTBM,0.0220122978080233,0.00749129905396686,HEALTH CARE
COMPUTER SCIENCES CORP,205363104,CSC,OVWT0.0TO0.5,OUTBM,0.0159916581955985,0.000426069923345766,INFORMATION TECHNOLOGY
FREEPORT MCMORAN INC,35671D857,FCX,UNWT-0.5TO0.0,NEGBET,0.0118365607035091,-0.0051589344474879,MATERIALS
FLIR SYSTEMS INC,302445101,FLIR,UNWT-0.5TO0.0,NEGBET,0.0273666002761319,-0.00266756418110698,INFORMATION TECHNOLOGY
PRA HEALTH SCIENCES INC,69354M108,PRAH,OVWT0.0TO0.5,OUTBM,0.0232978052220475,0.000920878755756689,HEALTH CARE
US FOODS HOLDING CORP,AFD584000,USFD,OVWT0.0TO0.5,OUTBM,0.00971027028312924,0.00283189100404996,ONSUMER STAPLES
WATERS CORP,941848103,WAT,OVWT0.0TO0.5,INBM+,0.016164976840459,0.0155882286944289,HEALTH CARE
ECHOSTAR CORP CL A,278768106,SATS,OVWT0.0TO0.5,OUTBM,0.0186846577420885,0.00235939638090737,INFORMATION TECHNOLOGY
INGERSOLL RAND PLC,54699X225,IR,OVWT0.0TO0.5,INBM+,0.0196720915424476,0.00288826408536044,INDUSTRIALS
RATIONAL AG,76499N222,*RATL,OVWT0.0TO0.5,OUTBM,0.0245546882252646,0.0130339673887701,INDUSTRIALS
F5 NETWORKS INC,315616102,FFIV,UNWT-0.5TO0.0,NEGBET,0.0260489180612276,-0.0366653143660888,INFORMATION TECHNOLOGY
DEERE & CO,244199105,DE,UNWT-0.5TO0.0,INBM-,0.0175125936221988,-0.00662980888206271,INDUSTRIALS
AMERICAN WATER WRKS COMPANY,030420103,AWK,UNWT-0.5TO0.0,NEGBET,0.0240768175282827,-0.0271913160663085,UTILITIES
MATTEL INC,577081102,MAT,UNWT-0.5TO0.0,NEGBET,0.00931865281571467,-0.00963166203674945,CONSUMER DISCRETIONARY
PACCAR INC,693718108,PCAR,OVWT0.0TO0.5,INBM+,0.0240281100144481,0.0103417467693897,INDUSTRIALS
TORCHMARK CORP,891027104,TMK,UNWT-0.5TO0.0,NEGBET,0.00221790760241445,-0.0009574264745684,FINANCIALS
NISOURCE INC,65473P105,NI,UNWT-0.5TO0.0,NEGBET,0.0163930832829322,-0.00784092013435769,UTILITIES
GENERAL MOTORS CO,37045V100,GM,UNWT-0.5TO0.0,INBM-,0.019398954954621,-0.00177846762307686,CONSUMER DISCRETIONARY
CINCINNATI FINANCIAL CORP,172062101,CINF,UNWT-0.5TO0.0,NEGBET,0.0012865921688935,-0.00182896076350822,FINANCIALS
RYDER SYSTEM INC,783549108,R,UNWT-0.5TO0.0,NEGBET,0.0197991972307859,-0.00620476800930866,INDUSTRIALS
IRON MOUNTAIN INC,46284V101,IRM,UNWT-0.5TO0.0,NEGBET,0.00672384421489656,-0.00544798625427808,REAL ESTATE
CELANESE CORP SER A,150870103,CE,OVWT0.0TO0.5,OUTBM,0.013396735028898,0.00839923516103773,MATERIALS
XEROX CORP,984121103,XRX,UNWT-0.5TO0.0,NEGBET,0.00702668751431266,-0.00682008336636009,INFORMATION TECHNOLOGY
DANAHER CORP,235851102,DHR,OVWT0.0TO0.5,INBM+,0.00317642997226608,0.00612493037849499,HEALTH CARE
QUANTA SVCS INC,74762E102,PWR,UNWT-0.5TO0.0,NEGBET,0.0162909479769851,-0.0222212368078594,INDUSTRIALS
PRIMERICA INC,74164M108,PRI,OVWT0.0TO0.5,OUTBM,0.011723137823475,0.00183700617037338,FINANCIALS
TAKEAWAY.COM HOLDING BV,AJD553000,*TAKEAWY,OVWT0.0TO0.5,OUTBM,4.30946784101868e-05,5.45612713583904e-05,INFORMATION TECHNOLOGY
KIMBERLY CLARK CORP,494368103,KMB,UNWT-0.5TO0.0,NEGBET,0.00463056118455842,-0.0310048647248021,ONSUMER STAPLES
VULCAN MATERIALS CO,929160109,VMC,UNWT-0.5TO0.0,NEGBET,0.0157247224101198,-0.0522027574343376,MATERIALS
23ANDME SER E PC PP,75P99S238,AM+EPP,OVWT0.0TO0.5,OUTBM,0.010272503975753,0.00106361832380671,HEALTH CARE
EOG RESOURCES INC,26875P101,EOG,OVWT0.0TO0.5,INBM+,0.000762031133113105,0.106579517169185,ENERGY
FIRST QUANTUM MINERALS INC,335934105,FM.TO,OVWT0.0TO0.5,OUTBM,0.0119289530737868,0.00269830474636044,MATERIALS
SNAP-ON INCORPORATED,833034101,SNA,UNWT-0.5TO0.0,INBM-,0.00533311946621765,-0.000619375779277226,INDUSTRIALS
PROGRESSIVE CORP OHIO,743315103,PGR,UNWT-0.5TO0.0,NEGBET,0.000248967841292676,-0.000902430435694387,FINANCIALS
LEVEL 3 COMMUNICATIONS INC,52729N308,LVLT,UNWT-0.5TO0.0,NEGBET,0.0050312781461819,-0.00912540775586415,TELECOMMUNICATION SERVICES
PATTERSON COMPANIES INC,703395103,PDCO,UNWT-0.5TO0.0,NEGBET,0.00515026735826561,-0.00527192384429327,HEALTH CARE
WASTE MANAGEMENT INC,94106L109,WM,UNWT-0.5TO0.0,NEGBET,0.00916549122725258,-0.0518664541973475,INDUSTRIALS
NORDSTROM INC,655664100,JWN,UNWT-0.5TO0.0,NEGBET,0.00291903915601616,-0.000988315779474532,CONSUMER DISCRETIONARY
ILLINOIS TOOL WORKS INC,452308109,ITW,OVWT0.0TO0.5,INBM+,0.00760352942469376,0.00659763119199263,INDUSTRIALS
ROYAL BANK OF CANADA,780087102,RY.TO,OVWT0.0TO0.5,OUTBM,0.00527955972963125,0.0137931213367447,FINANCIALS
MEDTRONIC PLC,75U999226,MDT,UNWT-1.0TO-0.5,NEGBET,0.00134047828887389,-0.0760792584986828,HEALTH CARE
AVERY DENNISON CORP,053611109,AVY,UNWT-0.5TO0.0,NEGBET,0.00527872015048258,-0.0163716912016096,MATERIALS
ARTHUR J GALLAGHAR AND CO,363576109,AJG,UNWT-0.5TO0.0,NEGBET,0.00741530020812409,-0.000150041657254972,FINANCIALS
INPHI CORP,45772F107,IPHI,OVWT0.0TO0.5,OUTBM,0.00367467481419289,8.00864940355487e-05,INFORMATION TECHNOLOGY
RINGCENTRAL INC CL A,76680R206,RNG,OVWT0.0TO0.5,OUTBM,0.00195307585946046,1.88623349694384e-05,INFORMATION TECHNOLOGY
GLOBAL PAYMENTS INC,37940X102,GPN,OVWT0.0TO0.5,INBM+,0.00121786848329621,0.00145895119471891,INFORMATION TECHNOLOGY
INTERPUBLIC GROUP OF COS INC,460690100,IPG,OVWT0.0TO0.5,INBM+,0.00485597092825951,0.0027214374795932,CONSUMER DISCRETIONARY
ASSOCIATED BRITISH FOODS PLC,045519105,*ABF,OVWT0.0TO0.5,OUTBM,0.00281714491493677,0.0481492770415624,ONSUMER STAPLES
NETAPP INC,64110D104,NTAP,UNWT-0.5TO0.0,NEGBET,3.10916652083559e-05,-0.000132040231255609,INFORMATION TECHNOLOGY
MEGACABLE HLDGS (CPO),17E997238,*MEGACPO,OVWT0.0TO0.5,OUTBM,0.00130738347923873,9.53974126191219e-05,CONSUMER DISCRETIONARY
ANALOG DEVICES INC,032654105,ADI,UNWT-0.5TO0.0,INBM-,0.00223537245209991,-0.0110336892323568,INFORMATION TECHNOLOGY
STERICYCLE INC,858912108,SRCL,UNWT-0.5TO0.0,NEGBET,0.00140860234806129,-0.0100043664684548,INDUSTRIALS
HANDY TECHNOLOGIES SER C PC PP,78C99N237,HND+CPP,OVWT0.0TO0.5,OUTBM,0.000148486080525099,0.000353149313651694,CONSUMER DISCRETIONARY
AFLAC INC,001055102,AFL,UNWT-0.5TO0.0,NEGBET,0.00278792153269891,-0.0412369961175646,FINANCIALS
CHURCH & DWIGHT CO INC,171340102,CHD,UNWT-0.5TO0.0,NEGBET,0.0021141609486694,-0.00158458931218984,ONSUMER STAPLES
GARMIN LTD,37199T224,GRMN,UNWT-0.5TO0.0,NEGBET,0.00104385667778208,-0.000750195459507008,CONSUMER DISCRETIONARY
TE CONNECTIVITY LTD,15D99X228,TEL,UNWT-0.5TO0.0,NEGBET,0.00208408499155944,-0.0756060186636401,INFORMATION TECHNOLOGY
TRION WORLD NET CPIK 15% 10/19,20B99NAA5,%TRION15,OVWT0.0TO0.5,OUTBM,3.65472238618843e-05,1.06231965536538e-05,INFORMATION TECHNOLOGY
CLOUDFLARE INC PC SER D PP,71P99K234,CLD+D.PP,OVWT0.0TO0.5,OUTBM,0.000801173899893548,0.00215976000263104,INFORMATION TECHNOLOGY
TERADATA CORP,88076W103,TDC,UNWT-0.5TO0.0,NEGBET,5.26742447439724e-05,-0.00136435147669946,INFORMATION TECHNOLOGY
ZOETIS INC CL A,98978V103,ZTS,UNWT-0.5TO0.0,NEGBET,0.000516655961389856,-0.0249951135938738,HEALTH CARE
CONT LP HOLDINGS LLC,37Y99B227,CONTLP,,,0,0,CONSUMER DISCRETIONARY
TRION WORLD NETWORK INC,20B99N,TRION.PP,OVWT0.0TO0.5,OUTBM,-6.83712859021508e-09,1.5278061043954e-09,INFORMATION TECHNOLOGY
AQUA BOUNTY TECHNOLOGIES INC,05Y999237,AQB,OVWT0.0TO0.5,OUTBM,-4.81476426777561e-06,2.91277480572144e-08,HEALTH CARE
KAR AUCTION SERVICES INC,48238T109,KAR,,,-6.51244786532161e-06,0,INDUSTRIALS
PARK HOTELS & RESORTS INC,BCE349000,PK,OVWT0.0TO0.5,OUTBM,-0.000199509437709404,3.47982770574897e-05,REAL ESTATE
WCH HOLDCO INC P/P,03W99K221,WCH.PP,OVWT0.0TO0.5,OUTBM,-0.000259304872233058,0.000142290636914637,CONSUMER DISCRETIONARY
KRAFT HEINZ CO,500754106,KHC,UNWT-0.5TO0.0,INBM-,0.000138108988953086,-6.90946109568765e-05,ONSUMER STAPLES
SODASTREAM INTERNATIONAL LTD,39D99K226,SODA,OVWT0.0TO0.5,OUTBM,-0.000317871891593247,0.000149110614497196,CONSUMER DISCRETIONARY
AUTODESK INC,052769106,ADSK,OVWT0.0TO0.5,INBM+,-0.000342528020234687,0.00409941583011156,INFORMATION TECHNOLOGY
ASAC II LP UNIT PP,62D99B228,ASAC.PP,OVWT0.0TO0.5,OUTBM,-3.06399173996053e-05,0.000161242792939816,INFORMATION TECHNOLOGY
PEYTO EXPL & DEV CORP NEW,717046106,PEY.TO,OVWT0.0TO0.5,OUTBM,-0.000812643879648981,0.00072021825507993,ENERGY
ALTIOSTAR NETWORK SER A1 PC PP,BDA663000,ALT+A1PP,OVWT0.0TO0.5,OUTBM,-0.000277700413652383,0.00128383128317435,TELECOMMUNICATION SERVICES
GET HEAL INC SER B PC P/P,BAD028000,HEA+BPP,OVWT0.0TO0.5,OUTBM,-3.60801499743345e-05,0.000173634903534054,HEALTH CARE
WEWORK COS INC SER F PC PP,ABJ155000,WEWC+FPP,OVWT0.0TO0.5,OUTBM,-0.00136869263633273,0.0105860855280482,REAL ESTATE
DUNKIN BRANDS GROUP INC,265504100,DNKN,OVWT0.0TO0.5,OUTBM,-0.000358005843848359,0.00210635286654224,CONSUMER DISCRETIONARY
RESMED INC,761152107,RMD,OVWT0.0TO0.5,OUTBM,-0.001859871544811,0.00074666812039,HEALTH CARE
NANTHEALTH INC,AFH076000,NH,OVWT0.0TO0.5,OUTBM,-0.00101937632833071,8.3208329568564e-06,HEALTH CARE
SPACE EXPLORATION TECH CORP,73Z99E225,SPET+PP,OVWT0.0TO0.5,OUTBM,-0.000232519415143648,0.00173259130939629,INDUSTRIALS
MULBERRY HEALTH SER A8 PC PP,ABB079000,MUL+A8PP,OVWT0.0TO0.5,OUTBM,-0.00253547404210509,0.00788881729330854,HEALTH CARE
WEWORK COS INC CL A,75X99A220,WEWC.TMP,OVWT0.0TO0.5,OUTBM,-0.00338222233295143,0.0157426097894891,REAL ESTATE
MARSH & MCLENNAN COS INC,571748102,MMC,UNWT-0.5TO0.0,INBM-,-0.00335287202142483,-0.00726758648611318,FINANCIALS
AIRBNB INC SER E PC PP,67F99Q248,AIRB+EPP,OVWT0.0TO0.5,OUTBM,-0.00267888361371284,0.00969394913780021,CONSUMER DISCRETIONARY
EXPEDITORS INTL OF WASH INC,302130109,EXPD,UNWT-0.5TO0.0,INBM-,-0.00375868293416657,-0.00460435725704551,INDUSTRIALS
ULTA BEAUTY INC,BDI378000,ULTA,OVWT0.0TO0.5,INBM+,-0.00289175165979979,0.000431132512460621,CONSUMER DISCRETIONARY
SAAB AB CL B,78499N228,*SAAB,OVWT0.0TO0.5,OUTBM,-0.0057464735094295,0.000178080702536926,INDUSTRIALS
SPACE EXPL TECH SER G PC PP,73Z99E233,SPET+GPP,OVWT0.0TO0.5,OUTBM,-0.000473251379091511,4.86866568920775e-05,INDUSTRIALS
AIRBNB PC D PP,67F99Q230,AIRBNB+D,OVWT0.0TO0.5,OUTBM,-0.00105789702104997,0.00845970743872785,CONSUMER DISCRETIONARY
NEWCREST MINING LTD,651191926,*NCM,OVWT0.0TO0.5,OUTBM,-0.00360342517562761,0.0879829622588936,MATERIALS
GROWMAX RESOURCES CORP 144A,03063Q928,BOEA.CV,OVWT0.0TO0.5,OUTBM,-0.0017423828192579,1.96320862995406e-05,ENERGY
BOOKER GROUP PLC,07L99C222,*BLTH,OVWT0.0TO0.5,OUTBM,-0.00429933381143383,0.000839771109607795,ONSUMER STAPLES
PG&E CORP,69331C108,PCG,UNWT-0.5TO0.0,NEGBET,-0.000790448811717597,-0.0125927283011974,UTILITIES
EVERSOURCE ENERGY,30040W108,ES,UNWT-0.5TO0.0,NEGBET,-0.00152400026200668,-0.00621249550279732,UTILITIES
ALLIANT ENERGY CORPORATION,018802108,LNT,UNWT-0.5TO0.0,NEGBET,-0.0040029181241947,-0.00400752803286424,UTILITIES
TEGNA INC,87901J105,TGNA,UNWT-0.5TO0.0,NEGBET,-0.00140905943376703,-0.00087434185051963,CONSUMER DISCRETIONARY
CANADIAN PAC RAILWAY LTD,13645T100,CP.TO,OVWT0.0TO0.5,OUTBM,-0.00766488654787288,0.0372140163639477,INDUSTRIALS
SUBARU CORP,359556107,*FHI,OVWT0.0TO0.5,OUTBM,-0.00611168669945453,0.00753265244153886,CONSUMER DISCRETIONARY
NEKTAR THERAPEUTICS,640268108,NKTR,OVWT0.0TO0.5,OUTBM,-0.00227765442587036,9.80073862903301e-05,HEALTH CARE
ZPG PLC,68J99Q226,*ZOOPL,OVWT0.0TO0.5,OUTBM,-0.00326453888212283,0.00129803360025527,INFORMATION TECHNOLOGY
DOVER CORP,260003108,DOV,UNWT-0.5TO0.0,NEGBET,-0.00187029901698548,-0.000649254117768908,INDUSTRIALS
COOPER COMPANIES INC,216648402,COO,UNWT-0.5TO0.0,NEGBET,-0.00663899569980853,-0.0215219164529308,HEALTH CARE
INTARCIA THERAP INC PC(P/P),45820N920,ITCA.PP,OVWT0.0TO0.5,OUTBM,-0.0133191334161119,0.0513731973985281,HEALTH CARE
MICROSOFT CORP,594918104,MSFT,UNWT-0.5TO0.0,INBM-,-0.0506711590786357,-0.0172746203638349,INFORMATION TECHNOLOGY
AMETEK INC NEW,031100100,AME,UNWT-0.5TO0.0,NEGBET,-0.00654407623254686,-0.0129729891230061,INDUSTRIALS
LINEAR TECHNOLOGY CORP,535678106,LLTC,UNWT-0.5TO0.0,NEGBET,-0.0114016283509798,-0.00165292474175506,INFORMATION TECHNOLOGY
UNILEVER NV CVA (BEARER),904784105,*UNIL,OVWT0.0TO0.5,OUTBM,-0.00248872035919887,0.00206975819233648,ONSUMER STAPLES
WESTROCK CO,96145D105,WRK,OVWT0.0TO0.5,INBM+,-0.0137235666260916,0.000962336912926599,MATERIALS
BANK OF NEW YORK MELLON CORP,064058100,BK,UNWT-0.5TO0.0,NEGBET,-0.0136810520117845,-0.0462116685126881,FINANCIALS
MERCADOLIBRE INC,58733R102,MELI,OVWT0.0TO0.5,OUTBM,-0.0139432082575963,0.00718919639670846,INFORMATION TECHNOLOGY
AIR LEASE CORP,00912X,ALLLZ,OVWT0.0TO0.5,OUTBM,-0.0142040281250184,0.00615026065773043,INDUSTRIALS
MURPHY OIL CORP,626717102,MUR,UNWT-0.5TO0.0,NEGBET,-0.00989737698274887,-0.00254171123824435,ENERGY
ICON PLC,60H991220,ICLR,OVWT0.0TO0.5,OUTBM,-0.00650495899524706,0.00046457982743864,HEALTH CARE
AMERICAN ELECTRIC POWER CO INC,025537101,AEP,UNWT-0.5TO0.0,NEGBET,-0.00964431851513116,-0.00332293524198938,UTILITIES
CMS ENERGY CORP,125896100,CMS,UNWT-0.5TO0.0,NEGBET,-0.0172807983777141,-0.0185310611054044,UTILITIES
BARD C R INC,067383109,BCR,UNWT-0.5TO0.0,INBM-,-0.0105736082601676,-9.46231197735133e-05,HEALTH CARE
UBER TECH INC 8% PC D PERP PP,68J99D233,UTC+D.PP,OVWT0.0TO0.5,OUTBM,-0.00918992325698261,0.0222397141908703,INFORMATION TECHNOLOGY
DROPBOX INC PC PERP C PP,45K99R253,DRP+C.PP,OVWT0.0TO0.5,OUTBM,-0.0207954068347961,0.00454227432507969,INFORMATION TECHNOLOGY
ALIMENTATION COUCH CL B SUBVTG,01626P403,ATDB.TO,OVWT0.0TO0.5,OUTBM,-0.00536233590935949,0.00815416943594979,ONSUMER STAPLES
STATE STREET CORP,857477103,STT,UNWT-0.5TO0.0,NEGBET,-0.00112546515322544,-0.00191981494576613,FINANCIALS
TESCO PLC,881575104,*TESC,OVWT0.0TO0.5,OUTBM,-0.0294757277493322,0.0061009150897428,ONSUMER STAPLES
WEWORK COS INC SER E PC PP,75X99A238,WEWC+EPP,OVWT0.0TO0.5,OUTBM,-0.0228753119348753,0.171974703238538,REAL ESTATE
TECHNIPFMC PLC,BDC306000,FTI,UNWT-0.5TO0.0,NEGBET,-0.00745275906711064,-0.0119964679935894,ENERGY
AMEREN CORP,023608102,AEE,UNWT-0.5TO0.0,NEGBET,-0.0226018203601201,-0.0305800093181989,UTILITIES
TEXTRON INC,883203101,TXT,UNWT-0.5TO0.0,NEGBET,-0.00583195365057032,-0.00649248665997981,INDUSTRIALS
ROBERT HALF INTERNATIONAL INC.,770323103,RHI,UNWT-0.5TO0.0,NEGBET,-0.00110261591412244,-8.1676579722763e-05,INDUSTRIALS
BECTON DICKINSON & CO,075887109,BDX,UNWT-0.5TO0.0,INBM-,-0.0330092891781131,-0.0377117343431693,HEALTH CARE
LEIDOS HOLDINGS INC,525327102,LDOS,OVWT0.0TO0.5,OUTBM,-0.0229640164264115,0.00468733582705297,INFORMATION TECHNOLOGY
DUN & BRADSTREET CORP DEL NEW,26483E100,DNB,UNWT-0.5TO0.0,NEGBET,-0.0113955475450955,-0.00409503458307299,INDUSTRIALS
NEWFIELD EXPLORATION CO,651290108,NFX,UNWT-0.5TO0.0,NEGBET,-0.0122447919341904,-0.00136949331111544,ENERGY
DISCOVERY COMMUNICATIONS INC N,25470F,DISCA,UNWT-0.5TO0.0,NEGBET,-0.0121728462395928,-0.0134430564206617,CONSUMER DISCRETIONARY
QUEST DIAGNOSTICS INC,74834L100,DGX,UNWT-0.5TO0.0,NEGBET,-0.0158703986020324,-0.0230691411091039,HEALTH CARE
SYSCO CORP,871829107,SYY,OVWT0.0TO0.5,INBM+,-0.0297646724431289,0.00868242855735401,ONSUMER STAPLES
MOODYS CORP,615369105,MCO,UNWT-0.5TO0.0,NEGBET,-0.0347114279847048,-0.0106791016770142,FINANCIALS
E TRADE FINANCIAL CORP,269246401,ETFC,UNWT-0.5TO0.0,NEGBET,-0.0170487983699104,-0.00629876363345995,FINANCIALS
FISERV INC,337738108,FISV,OVWT0.0TO0.5,INBM+,-0.0172709400312627,0.0767315708011595,INFORMATION TECHNOLOGY
CENTERPOINT ENERGY INC,15189T107,CNP,UNWT-0.5TO0.0,NEGBET,-0.00157492451415387,-0.00104022671858329,UTILITIES
WEC ENERGY GROUP INC,92939U106,WEC,UNWT-0.5TO0.0,NEGBET,-0.0133613414448537,-0.00876821517603175,UTILITIES
AUTOMATIC DATA PROCESSING INC,053015103,ADP,UNWT-0.5TO0.0,NEGBET,-0.00906308941199825,-0.0249615308812609,INFORMATION TECHNOLOGY
LABORATORY CORP OF AMER HLDGS,50540R409,LH,UNWT-0.5TO0.0,NEGBET,-0.0303295638841898,-0.0173979503211548,HEALTH CARE
EDISON INTL,281020107,EIX,UNWT-0.5TO0.0,NEGBET,-0.00543880364374936,-0.0118463726246394,UTILITIES
HARRIS CORP,413875105,HRS,UNWT-0.5TO0.0,INBM-,-0.0230796072731488,-0.00158396739358491,INFORMATION TECHNOLOGY
HERSHEY CO (THE),427866108,HSY,UNWT-0.5TO0.0,NEGBET,-0.0101456274341031,-0.00362674865654125,ONSUMER STAPLES
TEVA PHARMACEUTICAL IND ADR,881624209,TEVA,OVWT0.0TO0.5,OUTBM,-0.0239694896158113,0.00163508676246749,HEALTH CARE
BYD COMPANY LTD H,10999V228,*BYDC,OVWT0.0TO0.5,OUTBM,-0.0240966875997108,0.00126370219710216,CONSUMER DISCRETIONARY
BALL CORP,058498106,BLL,UNWT-0.5TO0.0,NEGBET,-0.0316806829106858,-0.0298889485641345,MATERIALS
PIONEER NATURAL RESOURCES CO,723787107,PXD,OVWT0.0TO0.5,INBM+,-0.0411760090415096,0.0320505197866885,ENERGY
COGNIZANT TECH SOLUTIONS CL A,192446102,CTSH,UNWT-0.5TO0.0,INBM-,-0.0142779750458535,-0.0317803500630522,INFORMATION TECHNOLOGY
GW PHARMACEUTICALS PLC ADR,36197T103,GWPH,OVWT0.0TO0.5,OUTBM,-0.0261812548720849,0.0030546714949306,HEALTH CARE
CENTENE CORP,15135B101,CNC,UNWT-0.5TO0.0,NEGBET,-0.044794336099957,-0.0348657837728353,HEALTH CARE
PINNACLE WEST CAPITAL CORP,723484101,PNW,UNWT-0.5TO0.0,NEGBET,-0.000454498332523168,-0.000164583184957211,UTILITIES
DROPBOX PRP PREF A-1 P/P,45K99R238,DRP.PP+A,OVWT0.0TO0.5,OUTBM,-0.0431983084567324,0.00569705922481391,INFORMATION TECHNOLOGY
SUNCOR ENERGY INC,867224107,SU.TO,OVWT0.0TO0.5,OUTBM,-0.0320392640367674,0.0198728614817199,ENERGY
ITAU UNIBANCO HLDG SA SPON ADR,465562106,ITUB,OVWT0.0TO0.5,OUTBM,-0.0249957940552346,0.000632471355021434,FINANCIALS
WELLTOWER INC,95040Q104,HCN,UNWT-0.5TO0.0,NEGBET,-0.0368715414492437,-0.0440371548167162,REAL ESTATE
EASTMAN CHEMICAL CO,277432100,EMN,UNWT-0.5TO0.0,NEGBET,-0.0270001289839646,-0.000550033139768476,MATERIALS
AVALONBAY COMMUNITIES INC REIT,053484101,AVB,UNWT-0.5TO0.0,NEGBET,-0.0482000544766316,-0.0573052884288939,REAL ESTATE
ULTRAGENYX PHARMA INC,90400D108,RARE,OVWT0.0TO0.5,OUTBM,-0.0381086388574994,0.00129914293288085,HEALTH CARE
AIA GROUP LTD,38V99T229,*AIAHK,OVWT0.0TO0.5,OUTBM,-0.0628164588889692,0.076261918590143,FINANCIALS
HASBRO INC,418056107,HAS,UNWT-0.5TO0.0,INBM-,-0.02487229353504,-0.00121454447469324,CONSUMER DISCRETIONARY
NEWS CORP NEW,65249B,NWSA,UNWT-0.5TO0.0,NEGBET,-0.0230799328764413,-0.00288039203653457,CONSUMER DISCRETIONARY
RALPH LAUREN CORP,751212101,RL,UNWT-0.5TO0.0,NEGBET,-0.0735027451696562,-0.00109549208617994,CONSUMER DISCRETIONARY
PRAXAIR INC,74005P104,PX,UNWT-0.5TO0.0,NEGBET,-0.0154134739849041,-0.00447730192065247,MATERIALS
ALEXANDRIA REAL ES EQ INC REIT,015271109,ARE,UNWT-0.5TO0.0,NEGBET,-0.0398369164799687,-0.00791699590487787,REAL ESTATE
WYNDHAM WORLDWIDE CORP,98310W108,WYN,UNWT-0.5TO0.0,NEGBET,-0.00627266084631311,-0.000452596884115644,CONSUMER DISCRETIONARY
CONSOLIDATED EDISON INC,209115104,ED,UNWT-0.5TO0.0,NEGBET,-0.0530992723980604,-0.055817137858054,UTILITIES
HONEYWELL INTL INC,438516106,HON,UNWT-0.5TO0.0,NEGBET,-0.0348283573711801,-0.0894809807729082,INDUSTRIALS
PDC ENERGY INC,69327R101,PDCE,OVWT0.0TO0.5,OUTBM,-0.0520195290660171,0.000990435244706344,ENERGY
EDWARDS LIFESCIENCES CORP,28176E108,EW,UNWT-0.5TO0.0,INBM-,-0.0732271088263198,-0.0267052332663996,HEALTH CARE
CARDINAL HEALTH INC,14149Y108,CAH,UNWT-0.5TO0.0,NEGBET,-0.0779945856774027,-0.0410190400972281,HEALTH CARE
LOCKHEED MARTIN CORP,539830109,LMT,UNWT-0.5TO0.0,NEGBET,-0.0511778921722651,-0.166039655241528,INDUSTRIALS
TRIPADVISOR INC,896945201,TRIP,UNWT-0.5TO0.0,NEGBET,-0.0508677364396005,-0.0114785704954725,CONSUMER DISCRETIONARY
ROCKWELL COLLINS INC,774341101,COL,UNWT-0.5TO0.0,NEGBET,-0.0410174551372582,-0.0143781726079625,INDUSTRIALS
CONTINENTAL RES OKLA,212015101,CLR,OVWT0.0TO0.5,OUTBM,-0.0739107745969205,0.119583756744793,ENERGY
LEGGETT & PLATT INC,524660107,LEG,UNWT-0.5TO0.0,NEGBET,-0.0831353984536771,-0.0208140360407287,CONSUMER DISCRETIONARY
EQT CORPORATION,26884L109,EQT,UNWT-0.5TO0.0,NEGBET,-0.0500238995744558,-0.00664546000436438,ENERGY
RED HAT INC,756577102,RHT,UNWT-0.5TO0.0,INBM-,-0.0719946549971546,-0.0117054330710414,INFORMATION TECHNOLOGY
BLACKROCK INC,09247X101,BLK,OVWT0.0TO0.5,INBM+,-0.0964172011375051,0.00847223709296168,FINANCIALS
TOTO LTD,891515108,*TOTO,OVWT0.0TO0.5,OUTBM,-0.0474298888693814,0.0143930484788717,INDUSTRIALS
LYONDELLBASELL INDS CLASS A,19R991225,LYB,UNWT-0.5TO0.0,NEGBET,-0.0257591853085833,-0.00652318504523585,MATERIALS
CITIGROUP INC,172967424,C,OVWT0.5TO1.0,INBM+,-0.1147276681649,0.518978647306841,FINANCIALS
OMNICOM GROUP INC,681919106,OMC,UNWT-0.5TO0.0,INBM-,-0.0537901752254783,-0.00634967512478443,CONSUMER DISCRETIONARY
SEMPRA ENERGY,816851109,SRE,UNWT-0.5TO0.0,NEGBET,-0.00206506954060615,-0.000140717678659086,UTILITIES
NANTKWEST INC,63016Q102,NK,OVWT0.0TO0.5,OUTBM,-0.0478212011705301,0.000407216834525835,HEALTH CARE
LA JOLLA PHARMACEUTICAL CO,503459604,LJPC,OVWT0.0TO0.5,OUTBM,-0.0992458030011334,0.00156900437965189,HEALTH CARE
GOODYEAR TIRE & RUBBER CO,382550101,GT,UNWT-0.5TO0.0,NEGBET,-0.0886751499021046,-0.0258762570181335,CONSUMER DISCRETIONARY
MARKETAXESS HLDGS INC,57060D108,MKTX,OVWT0.0TO0.5,OUTBM,-0.0790303810061177,0.012916127001554,FINANCIALS
PRAIRIESKY ROYALTY LTD,739721108,PSK.TO,OVWT0.0TO0.5,OUTBM,-0.0833600618604532,0.00223784726641451,ENERGY
PRINCIPAL FINL GROUP INC,74251V102,PFG,UNWT-0.5TO0.0,NEGBET,-0.10460280358332,-0.0351133557316214,FINANCIALS
MICROCHIP TECHNOLOGY,595017104,MCHP,UNWT-0.5TO0.0,NEGBET,-0.0597103405149998,-0.0236474298719914,INFORMATION TECHNOLOGY
VENTAS INC REIT,92276F100,VTR,UNWT-0.5TO0.0,NEGBET,-0.0349338176495878,-0.0274545115107642,REAL ESTATE
SCHWAB CHARLES CORP,808513105,SCHW,UNWT-0.5TO0.0,INBM-,-0.0166483109737256,-0.00272666942463089,FINANCIALS
REPUBLIC SERVICES INC,760759100,RSG,UNWT-0.5TO0.0,NEGBET,-0.0905489657579239,-0.035425391521325,INDUSTRIALS
INCYTE CORP,45337C102,INCY,UNWT-0.5TO0.0,INBM-,-0.101834282800142,-0.00609926712218857,HEALTH CARE
MICHAEL KORS HOLDINGS LTD,42P991229,KORS,UNWT-0.5TO0.0,NEGBET,-0.00644167904097619,-0.000183609480965833,CONSUMER DISCRETIONARY
VANTIV INC,92210H105,VNTV,OVWT0.0TO0.5,OUTBM,-0.105108268099481,0.0167627666899421,INFORMATION TECHNOLOGY
DTE ENERGY CO,233331107,DTE,UNWT-0.5TO0.0,NEGBET,-0.0719812999475259,-0.0047342652656422,UTILITIES
FORTESCUE METALS GROUP LTD,02J993226,*FMGL,OVWT0.0TO0.5,OUTBM,-0.126398589308683,0.0291155778389343,MATERIALS
ANTHEM INC,036752103,ANTM,UNWT-0.5TO0.0,NEGBET,-0.114474034578515,-0.00624045384399591,HEALTH CARE
CSRA INC,12650T104,CSRA,OVWT0.0TO0.5,INBM+,-0.0114885788569887,0.000749248236899467,INFORMATION TECHNOLOGY
DIRECT LINE INSURANCE GRP PLC,45H997228,*DLIG,OVWT0.0TO0.5,OUTBM,-0.0878174190223978,0.00570888636360027,FINANCIALS
FLOWSERVE CORP,34354P105,FLS,UNWT-0.5TO0.0,NEGBET,-0.0704404811186487,-0.0118026765149494,INDUSTRIALS
HANESBRANDS INC,410345102,HBI,UNWT-0.5TO0.0,NEGBET,-0.111279437468675,-0.0119337298573882,CONSUMER DISCRETIONARY
STRYKER CORP,863667101,SYK,UNWT-0.5TO0.0,INBM-,-0.116770658844589,-0.0350779302905602,HEALTH CARE
RANGE RESOURCES CORP,75281A109,RRC,UNWT-0.5TO0.0,NEGBET,-0.0236559849515443,-0.00220541350422555,ENERGY
BAXTER INTL INC,071813109,BAX,UNWT-0.5TO0.0,INBM-,-0.0917633240926606,-0.0314388588490144,HEALTH CARE
HEALTHEQUITY INC,42226A107,HQY,OVWT0.0TO0.5,OUTBM,-0.0741361671972783,0.000859047637462793,HEALTH CARE
DISH NETWORK CORP A,25470M109,DISH,UNWT-0.5TO0.0,INBM-,-0.113461244062345,-0.00934367957576782,CONSUMER DISCRETIONARY
ONEOK INC,682680103,OKE,UNWT-0.5TO0.0,NEGBET,-0.118486972575079,-0.00669618650148506,ENERGY
MEAD JOHNSON NUTRITION CO,582839106,MJN,UNWT-0.5TO0.0,NEGBET,-0.130620863615891,-0.0111777281087196,ONSUMER STAPLES
LIBERTY GLOBAL PLC,61R998,LBTYA,OVWT0.0TO0.5,OUTBM,-0.0624525215838907,0.0155383191878078,CONSUMER DISCRETIONARY
QORVO INC,74736K101,QRVO,UNWT-0.5TO0.0,NEGBET,-0.0954176754572949,-0.0179760212940566,INFORMATION TECHNOLOGY
PFIZER INC,717081103,PFE,UNWT-1.5TO-1.0,NEGBET,-0.0940921472976549,-0.206931948242078,HEALTH CARE
ALLEGION PLC,62X996227,ALLE,UNWT-0.5TO0.0,NEGBET,-0.128056331295945,-0.0181161124468659,INDUSTRIALS
XYLEM INC,98419M100,XYL,UNWT-0.5TO0.0,INBM-,-0.0393535008229395,-0.00406813411184035,INDUSTRIALS
ACUITY BRANDS INC,00508Y102,AYI,OVWT0.0TO0.5,INBM+,-0.0751706818111088,0.00845873019043376,INDUSTRIALS
FIVE PRIME THERAPEUTICS INC,33830X104,FPRX,OVWT0.0TO0.5,OUTBM,-0.057670837461521,0.00129938587145988,HEALTH CARE
ALLIANCE DATA SYSTEMS CORP,018581108,ADS,UNWT-0.5TO0.0,NEGBET,-0.117790935491228,-0.00578612222833776,INFORMATION TECHNOLOGY
FASTENAL CO,311900104,FAST,UNWT-0.5TO0.0,INBM-,-0.119169642636098,-0.0244414836941583,INDUSTRIALS
FEDEX CORP,31428X106,FDX,OVWT0.0TO0.5,INBM+,-0.0162625860280785,0.00758921188115937,INDUSTRIALS
SOUTHWESTERN ENERGY CO,845467109,SWN,UNWT-0.5TO0.0,NEGBET,-0.0716186887384541,-0.00788145911007378,ENERGY
METLIFE INC,59156R108,MET,UNWT-0.5TO0.0,NEGBET,-0.0818220763697315,-0.00113731809174995,FINANCIALS
JOHNSON CONTROLS INTERNATL PLC,902124940,JCI,UNWT-0.5TO0.0,NEGBET,-0.00945855247230864,-0.00742202490279269,INDUSTRIALS
WILLIS TOWERS WATSON PLC,36C993221,WLTW,UNWT-0.5TO0.0,NEGBET,-0.109411461528801,-0.0372481845609873,FINANCIALS
AMOREPACIFIC GROUP INC,69599J225,*PCC,OVWT0.0TO0.5,OUTBM,-0.105227661840989,0.000248752127557799,ONSUMER STAPLES
CDK GLOBAL INC,12508E101,CDK,OVWT0.0TO0.5,OUTBM,-0.0355516391860107,0.00972977508012669,INFORMATION TECHNOLOGY
CHESAPEAKE ENERGY CORP,165167107,CHK,UNWT-0.5TO0.0,NEGBET,-0.15272588173397,-0.00227973808963702,ENERGY
DOMINION RESOURCES INC VA,25746U109,D,UNWT-0.5TO0.0,NEGBET,-0.159539470476877,-0.113832370146205,UTILITIES
SYNOPSYS INC,871607107,SNPS,UNWT-0.5TO0.0,NEGBET,-0.057794952320158,-0.00625773584774397,INFORMATION TECHNOLOGY
CUMMINS INC,231021106,CMI,UNWT-0.5TO0.0,NEGBET,-0.0530041697170811,-0.0229325489643206,INDUSTRIALS
SIGNET JEWELERS LTD (US),20E99Y241,SIG,UNWT-0.5TO0.0,NEGBET,-0.141796199602446,-0.0107295757858392,CONSUMER DISCRETIONARY
WEYERHAEUSER CO,962166104,WY,UNWT-0.5TO0.0,NEGBET,-0.0406767938445368,-0.00853476090808892,REAL ESTATE
DOLLAR TREE INC,256746108,DLTR,UNWT-0.5TO0.0,NEGBET,-0.0787289398460282,-0.000304031345855883,CONSUMER DISCRETIONARY
TIFFANY & CO,886547108,TIF,UNWT-0.5TO0.0,NEGBET,-0.139897512486371,-0.0124206041086289,CONSUMER DISCRETIONARY
PERKINELMER INC,714046109,PKI,UNWT-0.5TO0.0,NEGBET,-0.197798132250232,-0.0108729241467015,HEALTH CARE
VERISIGN INC,92343E102,VRSN,UNWT-0.5TO0.0,NEGBET,-0.0910177009380366,-0.014632238585734,INFORMATION TECHNOLOGY
PHILLIPS 66,718546104,PSX,UNWT-0.5TO0.0,NEGBET,-0.126674349506297,-0.0758973057209696,ENERGY
WESTERN UNION CO,959802109,WU,UNWT-0.5TO0.0,NEGBET,-0.0480095556327784,-0.00457171298579266,INFORMATION TECHNOLOGY
ECOLAB INC,278865100,ECL,UNWT-0.5TO0.0,NEGBET,-0.0587240467912824,-0.00267986864142807,MATERIALS
DR HORTON INC,23331A109,DHI,UNWT-0.5TO0.0,NEGBET,-0.0837842852352889,-0.00822809197083453,CONSUMER DISCRETIONARY
DUPONT (EI) DE NEMOURS & CO,263534109,DD,UNWT-0.5TO0.0,INBM-,-0.21159811608815,-0.0659683588685661,MATERIALS
DELPHIX CORP SER D PC PP,70H997234,DPLX+DPP,OVWT0.0TO0.5,OUTBM,-0.0344978857832092,0.00174092111223892,INFORMATION TECHNOLOGY
ILLUMINA INC,452327109,ILMN,UNWT-0.5TO0.0,NEGBET,-0.0648539220886576,-0.0109865961453821,HEALTH CARE
LENNAR CORP CL A,526057104,LEN,UNWT-0.5TO0.0,NEGBET,-0.0711613242635755,-0.000486938574111489,CONSUMER DISCRETIONARY
O'REILLY AUTOMOTIVE INC,67103H107,ORLY,OVWT0.0TO0.5,INBM+,-0.0767616932953724,0.0467310978442027,CONSUMER DISCRETIONARY
AIR PRODUCTS & CHEMICALS INC,009158106,APD,OVWT0.0TO0.5,INBM+,-0.0086808755928274,0.000205052855121761,MATERIALS
MARATHON PETROLEUM CORP,56585A102,MPC,UNWT-0.5TO0.0,NEGBET,-0.0142258291801462,-0.00568254663125685,ENERGY
PULTEGROUP INC,745867101,PHM,UNWT-0.5TO0.0,NEGBET,-0.20842125747209,-0.0168863412686384,CONSUMER DISCRETIONARY
ALBEMARLE CORP,012653101,ALB,UNWT-0.5TO0.0,NEGBET,-0.21707852615902,-0.0291515624850308,MATERIALS
NEUROCRINE BIOSCIENCES INC,64125C109,NBIX,OVWT0.0TO0.5,OUTBM,-0.156710180500813,0.00198356068910538,HEALTH CARE
NEVRO CORPORATION,64157F103,NVRO,OVWT0.0TO0.5,OUTBM,-0.156159004191945,0.0317773891472668,HEALTH CARE
HOLOGIC INC,436440101,HOLX,UNWT-0.5TO0.0,NEGBET,-0.0149666162051722,-6.1823085852512e-06,HEALTH CARE
XCEL ENERGY INC,98389B100,XEL,UNWT-0.5TO0.0,NEGBET,-0.192219795098047,-0.031938541605802,UTILITIES
CONSTELLATION BRANDS INC CL A,21036P108,STZ,UNWT-0.5TO0.0,NEGBET,-0.0907095333656006,-0.0275471175080805,ONSUMER STAPLES
AGILENT TECHNOLOGIES INC,00846U101,A,UNWT-0.5TO0.0,INBM-,-0.0499422451999161,-0.00657411860260913,HEALTH CARE
MORGAN STANLEY,617446448,MS,OVWT0.0TO0.5,INBM+,-0.25039092870551,0.00889770632250605,FINANCIALS
DROPBOX INC CL B P/P,45K99R220,DROP.PP,OVWT0.0TO0.5,OUTBM,-0.224117141012208,0.0176923309140933,INFORMATION TECHNOLOGY
CONCHO RESOURCES INC,20605P101,CXO,OVWT0.0TO0.5,INBM+,-0.262060164000674,0.00415089289046769,ENERGY
HCA HLDGS INC,40412C101,HCA,UNWT-0.5TO0.0,INBM-,-0.199908217401702,-0.0641680878045182,HEALTH CARE
SKYWORKS SOLUTIONS INC,83088M102,SWKS,UNWT-0.5TO0.0,NEGBET,-0.191640789839638,-0.0577644929057244,INFORMATION TECHNOLOGY
ROCKWELL AUTOMATION INC,773903109,ROK,UNWT-0.5TO0.0,NEGBET,-0.171548732106236,-0.0432614470788292,INDUSTRIALS
INTERNATIONAL FLAVORS & FRAGRA,459506101,IFF,UNWT-0.5TO0.0,NEGBET,-0.24135990527246,-0.034586857146518,MATERIALS
PPL CORPORATION,69351T106,PPL,UNWT-0.5TO0.0,NEGBET,-0.19897931502276,-0.0167767968716548,UTILITIES
BLOCK H & R INC,093671105,HRB,UNWT-0.5TO0.0,NEGBET,-0.232128878705237,-0.0130340900984279,CONSUMER DISCRETIONARY
CELGENE CORP,151020104,CELG,UNWT-0.5TO0.0,NEGBET,-0.0570870223774607,-0.0129882081036812,HEALTH CARE
COMCAST CORP CL A,20030N101,CMCSA,UNWT-1.0TO-0.5,NEGBET,-0.246423234383668,-0.682591480039551,CONSUMER DISCRETIONARY
YAHOO INC,984332106,YHOO,UNWT-0.5TO0.0,NEGBET,-0.0459738746362333,-0.0274974908111039,INFORMATION TECHNOLOGY
HARLEY-DAVIDSON INC,412822108,HOG,UNWT-0.5TO0.0,INBM-,-0.00839371630343962,-0.000516660130462191,CONSUMER DISCRETIONARY
NOVAGOLD RESOURCES INC,66987E206,NG.TO,OVWT0.0TO0.5,OUTBM,-0.135413416956112,0.00982814249211333,MATERIALS
CLOUDERA INC PC PERP F P/P,66N99S239,CLD+F.PP,OVWT0.0TO0.5,OUTBM,-0.192919510899334,0.0106940173933354,INFORMATION TECHNOLOGY
HOST HOTELS & RESORTS INC,44107P104,HST,UNWT-0.5TO0.0,NEGBET,-0.0937454485896954,-0.00547359410355802,REAL ESTATE
STEEL DYNAMICS INC,858119100,STLD,OVWT0.0TO0.5,OUTBM,-0.113200154232211,0.00822800098574531,MATERIALS
CROWN CASTLE INTL CORP,22822V101,CCI,UNWT-0.5TO0.0,NEGBET,-0.229057938979468,-0.0806750218206752,REAL ESTATE
PROLOGIS INC REIT,74340W103,PLD,UNWT-0.5TO0.0,NEGBET,-0.252817652992245,-0.0727757236766055,REAL ESTATE
VARIAN MEDICAL SYSTEMS INC,92220P105,VAR,UNWT-0.5TO0.0,NEGBET,-0.0255954065392998,-0.0015719936105756,HEALTH CARE
NRG ENERGY INC,629377508,NRG,UNWT-0.5TO0.0,NEGBET,-0.142185636250672,-0.0075645898956118,UTILITIES
CENOVUS ENERGY INC,15135U109,CVE.TO,,,-0.108897712348662,0,ENERGY
HOME DEPOT INC,437076102,HD,UNWT-0.5TO0.0,INBM-,-0.0994684409794811,-0.00214742856215214,CONSUMER DISCRETIONARY
XPO LOGISTICS INC,983793100,XPO,OVWT0.0TO0.5,OUTBM,-0.0307960786447005,0.00136240244874389,INDUSTRIALS
CDW CORPORATION,12514G108,CDW,OVWT0.0TO0.5,OUTBM,-0.163655985804914,0.0638837247154537,INFORMATION TECHNOLOGY
OPKO HEALTH INC,68375N103,OPK,OVWT0.0TO0.5,OUTBM,-0.113777015539417,0.00567420199698497,HEALTH CARE
KLA TENCOR CORP,482480100,KLAC,UNWT-0.5TO0.0,NEGBET,-0.28385339993868,-0.0311312819219164,INFORMATION TECHNOLOGY
AON PLC,45E99D228,AON,UNWT-0.5TO0.0,NEGBET,-0.334197880536668,-0.0294656418574847,FINANCIALS
UNIVAR INC,91336L107,UNVR,OVWT0.0TO0.5,OUTBM,-0.110122763345508,0.0214090055872486,INDUSTRIALS
PENTAIR PLC,47T99J225,PNR,UNWT-0.5TO0.0,NEGBET,-0.195642808745227,-0.0232181974915588,INDUSTRIALS
KINDER MORGAN INC,49456B101,KMI,UNWT-0.5TO0.0,NEGBET,-0.248137264208146,-0.0444076995232746,ENERGY
SOFTBANK GROUP CORP,83999D225,*SOFT,OVWT0.0TO0.5,OUTBM,-0.0265711760659455,0.00243090181681293,TELECOMMUNICATION SERVICES
DOMINOS PIZZA INC,25754A201,DPZ,OVWT0.0TO0.5,OUTBM,-0.360893485071036,0.00963649525526909,CONSUMER DISCRETIONARY
INTERCONTINENTAL EXCHANGE INC,45866F104,ICE,UNWT-0.5TO0.0,INBM-,-0.354008980185603,-0.00495550645497263,FINANCIALS
STANLEY BLACK & DECKER INC,854502101,SWK,UNWT-0.5TO0.0,NEGBET,-0.363549478986006,-0.0771212872207038,INDUSTRIALS
IDEXX LABS INC,45168D104,IDXX,UNWT-0.5TO0.0,NEGBET,-0.254881870825424,-0.0100859067917542,HEALTH CARE
EATON CORP PLC,48F999220,ETN,UNWT-0.5TO0.0,INBM-,-0.11131287462266,-0.0231051370384855,INDUSTRIALS
BLUE APRON HOLDINGS INC SER D,75D991230,BAI+D.PP,OVWT0.0TO0.5,OUTBM,-0.141963128226606,0.0106445264951723,ONSUMER STAPLES
EXPEDIA INC,30212P303,EXPE,UNWT-0.5TO0.0,NEGBET,-0.0517951282678601,-0.00140779793221426,CONSUMER DISCRETIONARY
ADVANCED MICRO DEVICES INC,007903107,AMD,UNWT-0.5TO0.0,NEGBET,-0.302150553297491,-0.00813251773284372,INFORMATION TECHNOLOGY
NORTHROP GRUMMAN CORP,666807102,NOC,OVWT0.0TO0.5,INBM+,-0.320298941762745,0.0647541889401202,INDUSTRIALS
APPLE INC,037833100,AAPL,UNWT-0.5TO0.0,INBM-,-0.19586503451705,-0.0388959515815826,INFORMATION TECHNOLOGY
COSTCO WHOLESALE CORP,22160K105,COST,OVWT0.0TO0.5,INBM+,-0.157342356623622,0.00959041460956795,ONSUMER STAPLES
DR PEPPER SNAPPLE GROUP,26138E109,DPS,UNWT-0.5TO0.0,NEGBET,-0.161391127506812,-0.00970754046425703,ONSUMER STAPLES
PVH CORP,693656100,PVH,UNWT-0.5TO0.0,NEGBET,-0.0439735239863155,-0.00341836685779629,CONSUMER DISCRETIONARY
CABOT OIL & GAS CORP,127097103,COG,UNWT-0.5TO0.0,NEGBET,-0.235564734110272,-0.0136001088059744,ENERGY
VF CORP,918204108,VFC,UNWT-0.5TO0.0,NEGBET,-0.144393524668592,-0.00802687252523724,CONSUMER DISCRETIONARY
HENRY SCHEIN INC,806407102,HSIC,OVWT0.0TO0.5,INBM+,-0.400832319601694,0.101755078205985,HEALTH CARE
UNITED PARCEL SERVICE INC CL B,911312106,UPS,UNWT-0.5TO0.0,NEGBET,-0.249598210622977,-0.0240927858110418,INDUSTRIALS
ZIMMER BIOMET HLDGS INC,98956P102,ZBH,UNWT-0.5TO0.0,NEGBET,-0.333251182875446,-0.015053659862254,HEALTH CARE
EAGLE MATERIALS INC,26969P108,EXP,OVWT0.0TO0.5,OUTBM,-0.135140472366415,0.0134145566784176,MATERIALS
HP INC,40434L105,HPQ,UNWT-0.5TO0.0,NEGBET,-0.119827127165783,-0.0278376154407803,INFORMATION TECHNOLOGY
DARDEN RESTAURANTS INC,237194105,DRI,UNWT-0.5TO0.0,INBM-,-0.191301799292251,-0.00774191904731128,CONSUMER DISCRETIONARY
CERNER CORP,156782104,CERN,UNWT-0.5TO0.0,NEGBET,-0.0364070354952639,-0.00283337320706397,HEALTH CARE
DELPHI AUTOMOTIVE PLC,43N99R222,DLPH,UNWT-0.5TO0.0,NEGBET,-0.551307209172504,-0.062349884194206,CONSUMER DISCRETIONARY
VIACOM INC CL B,92553P201,VIAB,UNWT-0.5TO0.0,NEGBET,-0.353369948384072,-0.0335556330327623,CONSUMER DISCRETIONARY
CARNIVAL CORP,143658300,CCL,UNWT-0.5TO0.0,NEGBET,-0.0687700673362238,-0.0109021475545548,CONSUMER DISCRETIONARY
LILLY (ELI) & CO,532457108,LLY,UNWT-0.5TO0.0,NEGBET,-0.132828799991405,-0.00975662533775597,HEALTH CARE
WILLIAMS COMPANIES INC,969457100,WMB,UNWT-0.5TO0.0,NEGBET,-0.206105919334918,-0.0121511540112306,ENERGY
MOTOROLA SOLUTIONS INC,620076307,MSI,UNWT-0.5TO0.0,NEGBET,-0.291419053280247,-0.0219320780361418,INFORMATION TECHNOLOGY
GENMAB AS,37299V228,*GNMB,OVWT0.0TO0.5,OUTBM,-0.410092038991755,0.054158596919713,HEALTH CARE
M&T BANK CORP,55261F104,MTB,OVWT0.0TO0.5,INBM+,-0.408083406068785,0.0398423661710855,FINANCIALS
CENTENNIAL RESOURCE DEV INC,A09649,CDEV.PIP,OVWT0.0TO0.5,OUTBM,-0.381181380977925,0.0725368063443126,ENERGY
CHUBB LTD,00499G920,CB,OVWT0.5TO1.0,INBM+,-0.0765873016000985,0.0726913304159802,FINANCIALS
CBS CORP CL B,124857202,CBS,UNWT-0.5TO0.0,NEGBET,-0.516691802307732,-0.0198789600165648,CONSUMER DISCRETIONARY
INTREXON CORP,46122T102,XON,OVWT0.0TO0.5,OUTBM,-0.593826615596916,0.0115609595582817,HEALTH CARE
TEXAS INSTRUMENTS INC,882508104,TXN,UNWT-0.5TO0.0,INBM-,-0.323756278517439,-0.0168812747866754,INFORMATION TECHNOLOGY
WYNN RESORTS LTD,983134107,WYNN,UNWT-0.5TO0.0,NEGBET,-0.61506499752994,-0.0106662571142752,CONSUMER DISCRETIONARY
FMC CORP NEW,302491303,FMC,UNWT-0.5TO0.0,INBM-,-0.721116457105268,-0.0265230870807917,MATERIALS
MCDONALDS CORP,580135101,MCD,UNWT-1.0TO-0.5,NEGBET,-0.481823013237076,-0.305864314576853,CONSUMER DISCRETIONARY
HEWLETT PACKARD ENTERPRISE CO,42824C109,HPE,UNWT-0.5TO0.0,NEGBET,-0.327507645196408,-0.0665776410751827,INFORMATION TECHNOLOGY
BEST BUY CO INC,086516101,BBY,UNWT-0.5TO0.0,INBM-,-0.756832478144203,-0.0397387170696369,CONSUMER DISCRETIONARY
REYNOLDS AMERICAN INC,761713106,RAI,UNWT-0.5TO0.0,NEGBET,-0.0258850525865978,-0.00476012595198023,ONSUMER STAPLES
WESTERN DIGITAL CORP,958102105,WDC,UNWT-0.5TO0.0,NEGBET,-0.733629890981233,-0.0274376629220921,INFORMATION TECHNOLOGY
TWILIO INC CLASS A,74R99N222,TWLO,OVWT0.0TO0.5,OUTBM,-0.349065257841302,0.00307959546921871,INFORMATION TECHNOLOGY
EQUINIX INC,29444U700,EQIX,UNWT-0.5TO0.0,NEGBET,-0.500737443274118,-0.0664479781929264,REAL ESTATE
UNITEDHEALTH GROUP INC,91324P102,UNH,OVWT1.5TO3.0,INBM+,-0.327015773708041,0.272358978493051,HEALTH CARE
DOW CHEMICAL CO,260543103,DOW,UNWT-0.5TO0.0,NEGBET,-0.728950077344169,-0.0498271754361382,MATERIALS
METRO BANK PLC W/I,ADA541000,*MTRO,OVWT0.0TO0.5,OUTBM,-0.476460686276307,0.0935631944433135,FINANCIALS
MONSTER BEVERAGE CORP,61174X109,MNST,UNWT-0.5TO0.0,INBM-,-0.442583421298582,-0.0152914795261571,ONSUMER STAPLES
WAL MART STORES INC,931142103,WMT,UNWT-1.0TO-0.5,NEGBET,-0.160439835181751,-0.0196336083472731,ONSUMER STAPLES
B2GOLD CORPORATION,11777Q209,BTO.TO,OVWT0.0TO0.5,OUTBM,-1.14674493922442,0.037911832407396,MATERIALS
EXXON MOBIL CORP,30231G102,XOM,UNWT-3.0TO-1.5,NEGBET,-1.04988661286511,-1.01458923937818,ENERGY
NIKE INC CL B,654106103,NKE,OVWT0.5TO1.0,INBM+,-0.0028752180684048,0.00029033813178775,CONSUMER DISCRETIONARY
COCA COLA CO,191216100,KO,UNWT-1.0TO-0.5,INBM-,-1.26170648083602,-0.14743867438866,ONSUMER STAPLES
CONOCOPHILLIPS,20825C104,COP,UNWT-0.5TO0.0,NEGBET,-0.918735028779757,-0.135181742926163,ENERGY
AMERICAN TOWER CORP,03027X100,AMT,UNWT-0.5TO0.0,INBM-,-1.10648590674322,-0.150253480793386,REAL ESTATE
HD SUPPLY HLDGS INC,40416M105,HDS,OVWT0.0TO0.5,OUTBM,-0.142942470950162,0.0273115657555976,INDUSTRIALS
PEPSICO INC,713448108,PEP,UNWT-1.0TO-0.5,NEGBET,-1.07453456233212,-0.0682881905442956,ONSUMER STAPLES
US BANCORP DEL,902973304,USB,OVWT0.0TO0.5,INBM+,-0.0444681227125757,0.000245272763994077,FINANCIALS
TWENTY-FIRST CENTY FOX INC,90130A,FOXA,UNWT-0.5TO0.0,NEGBET,-1.57467827835588,-0.143144970909316,CONSUMER DISCRETIONARY
VERTEX PHARMACEUTICALS INC,92532F100,VRTX,UNWT-0.5TO0.0,NEGBET,-0.555683423967443,-0.0219147744056758,HEALTH CARE
ABBVIE INC,00287Y109,ABBV,UNWT-1.0TO-0.5,NEGBET,-0.497695302227691,-0.00551006375199659,HEALTH CARE
TESARO INC,881569107,TSRO,OVWT0.0TO0.5,OUTBM,-1.61499444163952,0.0646506990606907,HEALTH CARE
MICRON TECHNOLOGY INC,595112103,MU,UNWT-0.5TO0.0,NEGBET,-0.241180857989041,-0.00817197384772623,INFORMATION TECHNOLOGY
NUTANIX INC,70M997,NBTA.TMP,OVWT0.0TO0.5,OUTBM,-1.70863867662869,0.0324384558761974,INFORMATION TECHNOLOGY
ORACLE CORP,68389X105,ORCL,UNWT-1.0TO-0.5,NEGBET,-0.083937745378842,-0.00901299646779545,INFORMATION TECHNOLOGY
JOHNSON & JOHNSON,478160104,JNJ,UNWT-3.0TO-1.5,NEGBET,-2.59906531924569,-0.273975099920194,HEALTH CARE
SOUTHWEST AIRLINES CO,844741108,LUV,OVWT0.0TO0.5,INBM+,-3.01778965064999,0.100085165129216,INDUSTRIALS
LOWES COS INC,548661107,LOW,UNWT-0.5TO0.0,NEGBET,-0.902435902249858,-0.0765722730533601,CONSUMER DISCRETIONARY
PHILIP MORRIS INTL INC,718172109,PM,UNWT-1.0TO-0.5,NEGBET,-1.92795015617723,-0.267190014190279,ONSUMER STAPLES
WELLS FARGO & CO,949746101,WFC,OVWT1.0TO1.5,INBM+,-0.0168511351375088,0.00284568515285838,FINANCIALS
BERKSHIRE HATHAWAY INC DEL,084670,BRK.A,OVWT3.0,INBM+,-9.09217733331359,2.57509750703366,FINANCIALS
